url,sku,brand,price,title,bullet_point,description,size_name,color,image1,image2,image3,image4,image5,image6,image7,image8
"https://jp.shein.com/Drop-Shoulder-Solid-Sweater-p-5578237-cat-1734.html?scici=WomenHomePage~~ON_Banner,CN_category,HZ_Knitwear,HI_hotZoneuadal3wddc8~~6_1~~real_2216~~~~",sw2110119553751033,,,セーター ドロップショルダー ソリッド ブラック S(4),"{'極薄シアー': 'No', 'ライニング': '裏地なし', 'お手入れ方法': 'Machine wash or professional dry clean', '成分': '100% ポリエステル', '材料': 'ポリエステル', 'ファブリック': '僅かストレッチ', 'フィット-タイプ': 'オーバーサイズ', 'プラケット-タイプ': 'プルオーバー', '長さ': 'レギュラー', 'スリーブ-タイプ': 'ドロップショルダー', '袖丈': 'ロングスリーブ', 'ネックライン': 'ラウンドネック', 'タイプ': 'プルオーバー', 'シーズン': '秋冬', '柄-タイプ': 'プレーン', 'スタイル': 'カジュアル', 'カラー': 'ブラック'}",サイズ&nbsp;US&nbsp;肩&nbsp;長さ&nbsp;袖丈&nbsp;バスト&nbsp;カフ&nbsp;上腕二頭筋の長さ&nbsp;</br>S&nbsp;&nbsp;&nbsp;&nbsp;&nbsp;&nbsp;4&nbsp;&nbsp;&nbsp;&nbsp;&nbsp;58&nbsp;&nbsp;&nbsp;53&nbsp;&nbsp;&nbsp;&nbsp;49&nbsp;&nbsp;&nbsp;&nbsp;114&nbsp;&nbsp;&nbsp;&nbsp;18&nbsp;&nbsp;&nbsp;&nbsp;36&nbsp;&nbsp;&nbsp;&nbsp;&nbsp;&nbsp;&nbsp;&nbsp;&nbsp;&nbsp;</br>M&nbsp;&nbsp;&nbsp;&nbsp;&nbsp;&nbsp;6&nbsp;&nbsp;&nbsp;&nbsp;&nbsp;60&nbsp;&nbsp;&nbsp;54&nbsp;&nbsp;&nbsp;&nbsp;49.5&nbsp;&nbsp;118&nbsp;&nbsp;&nbsp;&nbsp;19&nbsp;&nbsp;&nbsp;&nbsp;37.5&nbsp;&nbsp;&nbsp;&nbsp;&nbsp;&nbsp;&nbsp;&nbsp;</br>L&nbsp;&nbsp;&nbsp;&nbsp;&nbsp;&nbsp;8/10&nbsp;&nbsp;63&nbsp;&nbsp;&nbsp;55.5&nbsp;&nbsp;50.25&nbsp;124&nbsp;&nbsp;&nbsp;&nbsp;20.5&nbsp;&nbsp;39.7&nbsp;&nbsp;&nbsp;&nbsp;&nbsp;&nbsp;&nbsp;&nbsp;</br></br></br><b>カラー:</b>&nbsp;&nbsp;&nbsp;ブラック</br><b>スタイル:</b>&nbsp;&nbsp;&nbsp;カジュアル</br><b>柄-タイプ:</b>&nbsp;&nbsp;&nbsp;プレーン</br><b>シーズン:</b>&nbsp;&nbsp;&nbsp;秋冬</br><b>タイプ:</b>&nbsp;&nbsp;&nbsp;プルオーバー</br><b>ネックライン:</b>&nbsp;&nbsp;&nbsp;ラウンドネック</br><b>袖丈:</b>&nbsp;&nbsp;&nbsp;ロングスリーブ</br><b>スリーブ-タイプ:</b>&nbsp;&nbsp;&nbsp;ドロップショルダー</br><b>長さ:</b>&nbsp;&nbsp;&nbsp;レギュラー</br><b>プラケット-タイプ:</b>&nbsp;&nbsp;&nbsp;プルオーバー</br><b>フィット-タイプ:</b>&nbsp;&nbsp;&nbsp;オーバーサイズ</br><b>ファブリック:</b>&nbsp;&nbsp;&nbsp;僅かストレッチ</br><b>材料:</b>&nbsp;&nbsp;&nbsp;ポリエステル</br><b>成分:</b>&nbsp;&nbsp;&nbsp;100% ポリエステル</br><b>お手入れ方法:</b>&nbsp;&nbsp;&nbsp;Machine wash or professional dry clean</br><b>ライニング:</b>&nbsp;&nbsp;&nbsp;裏地なし</br><b>極薄シアー:</b>&nbsp;&nbsp;&nbsp;No</br>,,,https://img.ltwebstatic.com/images3_pi/2021/10/16/163436577161fa93de4aaa03f3de2d04147b7a11d7.jpg,https://img.ltwebstatic.com/images3_pi/2021/10/16/163436577333545b8749b6643373091e7bc9b7b8f2.jpg,https://img.ltwebstatic.com/images3_pi/2021/10/16/1634365775fb6200556099aeeecbc8abe808ac4bc8.jpg,https://img.ltwebstatic.com/images3_pi/2021/10/16/1634365777b46448955088d5101b03c302091bce30.jpg,https://img.ltwebstatic.com/images3_pi/2021/10/16/1634365779774f6193daf01d94f8ff15675e46bde8.jpg,https://img.ltwebstatic.com/images3_pi/2021/10/16/16343657811a72e06554d629c0abbf693707bdc0e8.jpg,,
"https://jp.shein.com/Drop-Shoulder-Solid-Sweater-p-5578237-cat-1734.html?scici=WomenHomePage~~ON_Banner,CN_category,HZ_Knitwear,HI_hotZoneuadal3wddc8~~6_1~~real_2216~~~~",sw2110119553751033-S(4),,"¥2,374",セーター ドロップショルダー ソリッド ブラック S(4),"{'極薄シアー': 'No', 'ライニング': '裏地なし', 'お手入れ方法': 'Machine wash or professional dry clean', '成分': '100% ポリエステル', '材料': 'ポリエステル', 'ファブリック': '僅かストレッチ', 'フィット-タイプ': 'オーバーサイズ', 'プラケット-タイプ': 'プルオーバー', '長さ': 'レギュラー', 'スリーブ-タイプ': 'ドロップショルダー', '袖丈': 'ロングスリーブ', 'ネックライン': 'ラウンドネック', 'タイプ': 'プルオーバー', 'シーズン': '秋冬', '柄-タイプ': 'プレーン', 'スタイル': 'カジュアル', 'カラー': 'ブラック'}",サイズ&nbsp;US&nbsp;肩&nbsp;長さ&nbsp;袖丈&nbsp;バスト&nbsp;カフ&nbsp;上腕二頭筋の長さ&nbsp;</br>S&nbsp;&nbsp;&nbsp;&nbsp;&nbsp;&nbsp;4&nbsp;&nbsp;&nbsp;&nbsp;&nbsp;58&nbsp;&nbsp;&nbsp;53&nbsp;&nbsp;&nbsp;&nbsp;49&nbsp;&nbsp;&nbsp;&nbsp;114&nbsp;&nbsp;&nbsp;&nbsp;18&nbsp;&nbsp;&nbsp;&nbsp;36&nbsp;&nbsp;&nbsp;&nbsp;&nbsp;&nbsp;&nbsp;&nbsp;&nbsp;&nbsp;</br>M&nbsp;&nbsp;&nbsp;&nbsp;&nbsp;&nbsp;6&nbsp;&nbsp;&nbsp;&nbsp;&nbsp;60&nbsp;&nbsp;&nbsp;54&nbsp;&nbsp;&nbsp;&nbsp;49.5&nbsp;&nbsp;118&nbsp;&nbsp;&nbsp;&nbsp;19&nbsp;&nbsp;&nbsp;&nbsp;37.5&nbsp;&nbsp;&nbsp;&nbsp;&nbsp;&nbsp;&nbsp;&nbsp;</br>L&nbsp;&nbsp;&nbsp;&nbsp;&nbsp;&nbsp;8/10&nbsp;&nbsp;63&nbsp;&nbsp;&nbsp;55.5&nbsp;&nbsp;50.25&nbsp;124&nbsp;&nbsp;&nbsp;&nbsp;20.5&nbsp;&nbsp;39.7&nbsp;&nbsp;&nbsp;&nbsp;&nbsp;&nbsp;&nbsp;&nbsp;</br></br></br><b>カラー:</b>&nbsp;&nbsp;&nbsp;ブラック</br><b>スタイル:</b>&nbsp;&nbsp;&nbsp;カジュアル</br><b>柄-タイプ:</b>&nbsp;&nbsp;&nbsp;プレーン</br><b>シーズン:</b>&nbsp;&nbsp;&nbsp;秋冬</br><b>タイプ:</b>&nbsp;&nbsp;&nbsp;プルオーバー</br><b>ネックライン:</b>&nbsp;&nbsp;&nbsp;ラウンドネック</br><b>袖丈:</b>&nbsp;&nbsp;&nbsp;ロングスリーブ</br><b>スリーブ-タイプ:</b>&nbsp;&nbsp;&nbsp;ドロップショルダー</br><b>長さ:</b>&nbsp;&nbsp;&nbsp;レギュラー</br><b>プラケット-タイプ:</b>&nbsp;&nbsp;&nbsp;プルオーバー</br><b>フィット-タイプ:</b>&nbsp;&nbsp;&nbsp;オーバーサイズ</br><b>ファブリック:</b>&nbsp;&nbsp;&nbsp;僅かストレッチ</br><b>材料:</b>&nbsp;&nbsp;&nbsp;ポリエステル</br><b>成分:</b>&nbsp;&nbsp;&nbsp;100% ポリエステル</br><b>お手入れ方法:</b>&nbsp;&nbsp;&nbsp;Machine wash or professional dry clean</br><b>ライニング:</b>&nbsp;&nbsp;&nbsp;裏地なし</br><b>極薄シアー:</b>&nbsp;&nbsp;&nbsp;No</br>,S(4),ブラック,https://img.ltwebstatic.com/images3_pi/2021/10/16/163436577161fa93de4aaa03f3de2d04147b7a11d7.jpg,https://img.ltwebstatic.com/images3_pi/2021/10/16/163436577333545b8749b6643373091e7bc9b7b8f2.jpg,https://img.ltwebstatic.com/images3_pi/2021/10/16/1634365775fb6200556099aeeecbc8abe808ac4bc8.jpg,https://img.ltwebstatic.com/images3_pi/2021/10/16/1634365777b46448955088d5101b03c302091bce30.jpg,https://img.ltwebstatic.com/images3_pi/2021/10/16/1634365779774f6193daf01d94f8ff15675e46bde8.jpg,https://img.ltwebstatic.com/images3_pi/2021/10/16/16343657811a72e06554d629c0abbf693707bdc0e8.jpg,,
"https://jp.shein.com/Drop-Shoulder-Solid-Sweater-p-5578237-cat-1734.html?scici=WomenHomePage~~ON_Banner,CN_category,HZ_Knitwear,HI_hotZoneuadal3wddc8~~6_1~~real_2216~~~~",sw2110119553751033-M(6),,"¥2,374",セーター ドロップショルダー ソリッド ブラック M(6),"{'極薄シアー': 'No', 'ライニング': '裏地なし', 'お手入れ方法': 'Machine wash or professional dry clean', '成分': '100% ポリエステル', '材料': 'ポリエステル', 'ファブリック': '僅かストレッチ', 'フィット-タイプ': 'オーバーサイズ', 'プラケット-タイプ': 'プルオーバー', '長さ': 'レギュラー', 'スリーブ-タイプ': 'ドロップショルダー', '袖丈': 'ロングスリーブ', 'ネックライン': 'ラウンドネック', 'タイプ': 'プルオーバー', 'シーズン': '秋冬', '柄-タイプ': 'プレーン', 'スタイル': 'カジュアル', 'カラー': 'ブラック'}",サイズ&nbsp;US&nbsp;肩&nbsp;長さ&nbsp;袖丈&nbsp;バスト&nbsp;カフ&nbsp;上腕二頭筋の長さ&nbsp;</br>S&nbsp;&nbsp;&nbsp;&nbsp;&nbsp;&nbsp;4&nbsp;&nbsp;&nbsp;&nbsp;&nbsp;58&nbsp;&nbsp;&nbsp;53&nbsp;&nbsp;&nbsp;&nbsp;49&nbsp;&nbsp;&nbsp;&nbsp;114&nbsp;&nbsp;&nbsp;&nbsp;18&nbsp;&nbsp;&nbsp;&nbsp;36&nbsp;&nbsp;&nbsp;&nbsp;&nbsp;&nbsp;&nbsp;&nbsp;&nbsp;&nbsp;</br>M&nbsp;&nbsp;&nbsp;&nbsp;&nbsp;&nbsp;6&nbsp;&nbsp;&nbsp;&nbsp;&nbsp;60&nbsp;&nbsp;&nbsp;54&nbsp;&nbsp;&nbsp;&nbsp;49.5&nbsp;&nbsp;118&nbsp;&nbsp;&nbsp;&nbsp;19&nbsp;&nbsp;&nbsp;&nbsp;37.5&nbsp;&nbsp;&nbsp;&nbsp;&nbsp;&nbsp;&nbsp;&nbsp;</br>L&nbsp;&nbsp;&nbsp;&nbsp;&nbsp;&nbsp;8/10&nbsp;&nbsp;63&nbsp;&nbsp;&nbsp;55.5&nbsp;&nbsp;50.25&nbsp;124&nbsp;&nbsp;&nbsp;&nbsp;20.5&nbsp;&nbsp;39.7&nbsp;&nbsp;&nbsp;&nbsp;&nbsp;&nbsp;&nbsp;&nbsp;</br></br></br><b>カラー:</b>&nbsp;&nbsp;&nbsp;ブラック</br><b>スタイル:</b>&nbsp;&nbsp;&nbsp;カジュアル</br><b>柄-タイプ:</b>&nbsp;&nbsp;&nbsp;プレーン</br><b>シーズン:</b>&nbsp;&nbsp;&nbsp;秋冬</br><b>タイプ:</b>&nbsp;&nbsp;&nbsp;プルオーバー</br><b>ネックライン:</b>&nbsp;&nbsp;&nbsp;ラウンドネック</br><b>袖丈:</b>&nbsp;&nbsp;&nbsp;ロングスリーブ</br><b>スリーブ-タイプ:</b>&nbsp;&nbsp;&nbsp;ドロップショルダー</br><b>長さ:</b>&nbsp;&nbsp;&nbsp;レギュラー</br><b>プラケット-タイプ:</b>&nbsp;&nbsp;&nbsp;プルオーバー</br><b>フィット-タイプ:</b>&nbsp;&nbsp;&nbsp;オーバーサイズ</br><b>ファブリック:</b>&nbsp;&nbsp;&nbsp;僅かストレッチ</br><b>材料:</b>&nbsp;&nbsp;&nbsp;ポリエステル</br><b>成分:</b>&nbsp;&nbsp;&nbsp;100% ポリエステル</br><b>お手入れ方法:</b>&nbsp;&nbsp;&nbsp;Machine wash or professional dry clean</br><b>ライニング:</b>&nbsp;&nbsp;&nbsp;裏地なし</br><b>極薄シアー:</b>&nbsp;&nbsp;&nbsp;No</br>,M(6),ブラック,https://img.ltwebstatic.com/images3_pi/2021/10/16/163436577161fa93de4aaa03f3de2d04147b7a11d7.jpg,https://img.ltwebstatic.com/images3_pi/2021/10/16/163436577333545b8749b6643373091e7bc9b7b8f2.jpg,https://img.ltwebstatic.com/images3_pi/2021/10/16/1634365775fb6200556099aeeecbc8abe808ac4bc8.jpg,https://img.ltwebstatic.com/images3_pi/2021/10/16/1634365777b46448955088d5101b03c302091bce30.jpg,https://img.ltwebstatic.com/images3_pi/2021/10/16/1634365779774f6193daf01d94f8ff15675e46bde8.jpg,https://img.ltwebstatic.com/images3_pi/2021/10/16/16343657811a72e06554d629c0abbf693707bdc0e8.jpg,,
"https://jp.shein.com/Drop-Shoulder-Solid-Sweater-p-5578237-cat-1734.html?scici=WomenHomePage~~ON_Banner,CN_category,HZ_Knitwear,HI_hotZoneuadal3wddc8~~6_1~~real_2216~~~~",sw2110119553751033-L(8/10),,"¥2,374",セーター ドロップショルダー ソリッド ブラック L(8/10),"{'極薄シアー': 'No', 'ライニング': '裏地なし', 'お手入れ方法': 'Machine wash or professional dry clean', '成分': '100% ポリエステル', '材料': 'ポリエステル', 'ファブリック': '僅かストレッチ', 'フィット-タイプ': 'オーバーサイズ', 'プラケット-タイプ': 'プルオーバー', '長さ': 'レギュラー', 'スリーブ-タイプ': 'ドロップショルダー', '袖丈': 'ロングスリーブ', 'ネックライン': 'ラウンドネック', 'タイプ': 'プルオーバー', 'シーズン': '秋冬', '柄-タイプ': 'プレーン', 'スタイル': 'カジュアル', 'カラー': 'ブラック'}",サイズ&nbsp;US&nbsp;肩&nbsp;長さ&nbsp;袖丈&nbsp;バスト&nbsp;カフ&nbsp;上腕二頭筋の長さ&nbsp;</br>S&nbsp;&nbsp;&nbsp;&nbsp;&nbsp;&nbsp;4&nbsp;&nbsp;&nbsp;&nbsp;&nbsp;58&nbsp;&nbsp;&nbsp;53&nbsp;&nbsp;&nbsp;&nbsp;49&nbsp;&nbsp;&nbsp;&nbsp;114&nbsp;&nbsp;&nbsp;&nbsp;18&nbsp;&nbsp;&nbsp;&nbsp;36&nbsp;&nbsp;&nbsp;&nbsp;&nbsp;&nbsp;&nbsp;&nbsp;&nbsp;&nbsp;</br>M&nbsp;&nbsp;&nbsp;&nbsp;&nbsp;&nbsp;6&nbsp;&nbsp;&nbsp;&nbsp;&nbsp;60&nbsp;&nbsp;&nbsp;54&nbsp;&nbsp;&nbsp;&nbsp;49.5&nbsp;&nbsp;118&nbsp;&nbsp;&nbsp;&nbsp;19&nbsp;&nbsp;&nbsp;&nbsp;37.5&nbsp;&nbsp;&nbsp;&nbsp;&nbsp;&nbsp;&nbsp;&nbsp;</br>L&nbsp;&nbsp;&nbsp;&nbsp;&nbsp;&nbsp;8/10&nbsp;&nbsp;63&nbsp;&nbsp;&nbsp;55.5&nbsp;&nbsp;50.25&nbsp;124&nbsp;&nbsp;&nbsp;&nbsp;20.5&nbsp;&nbsp;39.7&nbsp;&nbsp;&nbsp;&nbsp;&nbsp;&nbsp;&nbsp;&nbsp;</br></br></br><b>カラー:</b>&nbsp;&nbsp;&nbsp;ブラック</br><b>スタイル:</b>&nbsp;&nbsp;&nbsp;カジュアル</br><b>柄-タイプ:</b>&nbsp;&nbsp;&nbsp;プレーン</br><b>シーズン:</b>&nbsp;&nbsp;&nbsp;秋冬</br><b>タイプ:</b>&nbsp;&nbsp;&nbsp;プルオーバー</br><b>ネックライン:</b>&nbsp;&nbsp;&nbsp;ラウンドネック</br><b>袖丈:</b>&nbsp;&nbsp;&nbsp;ロングスリーブ</br><b>スリーブ-タイプ:</b>&nbsp;&nbsp;&nbsp;ドロップショルダー</br><b>長さ:</b>&nbsp;&nbsp;&nbsp;レギュラー</br><b>プラケット-タイプ:</b>&nbsp;&nbsp;&nbsp;プルオーバー</br><b>フィット-タイプ:</b>&nbsp;&nbsp;&nbsp;オーバーサイズ</br><b>ファブリック:</b>&nbsp;&nbsp;&nbsp;僅かストレッチ</br><b>材料:</b>&nbsp;&nbsp;&nbsp;ポリエステル</br><b>成分:</b>&nbsp;&nbsp;&nbsp;100% ポリエステル</br><b>お手入れ方法:</b>&nbsp;&nbsp;&nbsp;Machine wash or professional dry clean</br><b>ライニング:</b>&nbsp;&nbsp;&nbsp;裏地なし</br><b>極薄シアー:</b>&nbsp;&nbsp;&nbsp;No</br>,L(8/10),ブラック,https://img.ltwebstatic.com/images3_pi/2021/10/16/163436577161fa93de4aaa03f3de2d04147b7a11d7.jpg,https://img.ltwebstatic.com/images3_pi/2021/10/16/163436577333545b8749b6643373091e7bc9b7b8f2.jpg,https://img.ltwebstatic.com/images3_pi/2021/10/16/1634365775fb6200556099aeeecbc8abe808ac4bc8.jpg,https://img.ltwebstatic.com/images3_pi/2021/10/16/1634365777b46448955088d5101b03c302091bce30.jpg,https://img.ltwebstatic.com/images3_pi/2021/10/16/1634365779774f6193daf01d94f8ff15675e46bde8.jpg,https://img.ltwebstatic.com/images3_pi/2021/10/16/16343657811a72e06554d629c0abbf693707bdc0e8.jpg,,
"https://jp.shein.com/Drop-Shoulder-Solid-Sweater-p-5578237-cat-1734.html?scici=WomenHomePage~~ON_Banner,CN_category,HZ_Knitwear,HI_hotZoneuadal3wddc8~~6_1~~real_2216~~~~",sw2110116416080183-S(4),,"¥2,644",セーター ドロップショルダー ソリッド グレー S(4),"{'極薄シアー': 'No', 'お手入れ方法': 'Machine wash or professional dry clean', '成分': '100% ポリエステル', '材料': 'ポリエステル', 'ファブリック': '僅かストレッチ', 'フィット-タイプ': 'オーバーサイズ', 'プラケット-タイプ': 'プルオーバー', '長さ': 'レギュラー', 'スリーブ-タイプ': 'ドロップショルダー', '袖丈': 'ロングスリーブ', 'ネックライン': 'ラウンドネック', 'タイプ': 'プルオーバー', 'シーズン': '秋冬', '柄-タイプ': 'プレーン', 'スタイル': 'カジュアル', 'カラー': 'グレー'}",サイズ&nbsp;US&nbsp;肩&nbsp;長さ&nbsp;袖丈&nbsp;バスト&nbsp;カフ&nbsp;上腕二頭筋の長さ&nbsp;</br>S&nbsp;&nbsp;&nbsp;&nbsp;&nbsp;&nbsp;4&nbsp;&nbsp;&nbsp;&nbsp;&nbsp;58&nbsp;&nbsp;&nbsp;53&nbsp;&nbsp;&nbsp;&nbsp;49&nbsp;&nbsp;&nbsp;&nbsp;114&nbsp;&nbsp;&nbsp;&nbsp;18&nbsp;&nbsp;&nbsp;&nbsp;36&nbsp;&nbsp;&nbsp;&nbsp;&nbsp;&nbsp;&nbsp;&nbsp;&nbsp;&nbsp;</br>M&nbsp;&nbsp;&nbsp;&nbsp;&nbsp;&nbsp;6&nbsp;&nbsp;&nbsp;&nbsp;&nbsp;60&nbsp;&nbsp;&nbsp;54&nbsp;&nbsp;&nbsp;&nbsp;49.5&nbsp;&nbsp;118&nbsp;&nbsp;&nbsp;&nbsp;19&nbsp;&nbsp;&nbsp;&nbsp;37.5&nbsp;&nbsp;&nbsp;&nbsp;&nbsp;&nbsp;&nbsp;&nbsp;</br>L&nbsp;&nbsp;&nbsp;&nbsp;&nbsp;&nbsp;8/10&nbsp;&nbsp;63&nbsp;&nbsp;&nbsp;55.5&nbsp;&nbsp;50.25&nbsp;124&nbsp;&nbsp;&nbsp;&nbsp;20.5&nbsp;&nbsp;39.7&nbsp;&nbsp;&nbsp;&nbsp;&nbsp;&nbsp;&nbsp;&nbsp;</br></br></br><b>カラー:</b>&nbsp;&nbsp;&nbsp;グレー</br><b>スタイル:</b>&nbsp;&nbsp;&nbsp;カジュアル</br><b>柄-タイプ:</b>&nbsp;&nbsp;&nbsp;プレーン</br><b>シーズン:</b>&nbsp;&nbsp;&nbsp;秋冬</br><b>タイプ:</b>&nbsp;&nbsp;&nbsp;プルオーバー</br><b>ネックライン:</b>&nbsp;&nbsp;&nbsp;ラウンドネック</br><b>袖丈:</b>&nbsp;&nbsp;&nbsp;ロングスリーブ</br><b>スリーブ-タイプ:</b>&nbsp;&nbsp;&nbsp;ドロップショルダー</br><b>長さ:</b>&nbsp;&nbsp;&nbsp;レギュラー</br><b>プラケット-タイプ:</b>&nbsp;&nbsp;&nbsp;プルオーバー</br><b>フィット-タイプ:</b>&nbsp;&nbsp;&nbsp;オーバーサイズ</br><b>ファブリック:</b>&nbsp;&nbsp;&nbsp;僅かストレッチ</br><b>材料:</b>&nbsp;&nbsp;&nbsp;ポリエステル</br><b>成分:</b>&nbsp;&nbsp;&nbsp;100% ポリエステル</br><b>お手入れ方法:</b>&nbsp;&nbsp;&nbsp;Machine wash or professional dry clean</br><b>極薄シアー:</b>&nbsp;&nbsp;&nbsp;No</br>,S(4),グレー,https://img.ltwebstatic.com/images3_pi/2021/11/06/16361880192211f0c8893ca30b506e17952bce04a8.jpg,https://img.ltwebstatic.com/images3_pi/2021/11/06/16361880223c612d7d796b708dd8188a3cb2cc9605.jpg,https://img.ltwebstatic.com/images3_pi/2021/11/06/16361880253d774477f7bd0b40dcabd0611730077b.jpg,https://img.ltwebstatic.com/images3_pi/2021/11/06/16361880292417dbed1da76dd4a35a085ccc2885df.jpg,https://img.ltwebstatic.com/images3_pi/2021/11/06/163618803259f6e74dc64d67452884e9469a81c144.jpg,https://img.ltwebstatic.com/images3_pi/2021/11/06/1636188034402e850f0ebecdfc9566e871a40737a3.jpg,,
"https://jp.shein.com/Drop-Shoulder-Solid-Sweater-p-5578237-cat-1734.html?scici=WomenHomePage~~ON_Banner,CN_category,HZ_Knitwear,HI_hotZoneuadal3wddc8~~6_1~~real_2216~~~~",sw2110116416080183-M(6),,"¥2,644",セーター ドロップショルダー ソリッド グレー M(6),"{'極薄シアー': 'No', 'お手入れ方法': 'Machine wash or professional dry clean', '成分': '100% ポリエステル', '材料': 'ポリエステル', 'ファブリック': '僅かストレッチ', 'フィット-タイプ': 'オーバーサイズ', 'プラケット-タイプ': 'プルオーバー', '長さ': 'レギュラー', 'スリーブ-タイプ': 'ドロップショルダー', '袖丈': 'ロングスリーブ', 'ネックライン': 'ラウンドネック', 'タイプ': 'プルオーバー', 'シーズン': '秋冬', '柄-タイプ': 'プレーン', 'スタイル': 'カジュアル', 'カラー': 'グレー'}",サイズ&nbsp;US&nbsp;肩&nbsp;長さ&nbsp;袖丈&nbsp;バスト&nbsp;カフ&nbsp;上腕二頭筋の長さ&nbsp;</br>S&nbsp;&nbsp;&nbsp;&nbsp;&nbsp;&nbsp;4&nbsp;&nbsp;&nbsp;&nbsp;&nbsp;58&nbsp;&nbsp;&nbsp;53&nbsp;&nbsp;&nbsp;&nbsp;49&nbsp;&nbsp;&nbsp;&nbsp;114&nbsp;&nbsp;&nbsp;&nbsp;18&nbsp;&nbsp;&nbsp;&nbsp;36&nbsp;&nbsp;&nbsp;&nbsp;&nbsp;&nbsp;&nbsp;&nbsp;&nbsp;&nbsp;</br>M&nbsp;&nbsp;&nbsp;&nbsp;&nbsp;&nbsp;6&nbsp;&nbsp;&nbsp;&nbsp;&nbsp;60&nbsp;&nbsp;&nbsp;54&nbsp;&nbsp;&nbsp;&nbsp;49.5&nbsp;&nbsp;118&nbsp;&nbsp;&nbsp;&nbsp;19&nbsp;&nbsp;&nbsp;&nbsp;37.5&nbsp;&nbsp;&nbsp;&nbsp;&nbsp;&nbsp;&nbsp;&nbsp;</br>L&nbsp;&nbsp;&nbsp;&nbsp;&nbsp;&nbsp;8/10&nbsp;&nbsp;63&nbsp;&nbsp;&nbsp;55.5&nbsp;&nbsp;50.25&nbsp;124&nbsp;&nbsp;&nbsp;&nbsp;20.5&nbsp;&nbsp;39.7&nbsp;&nbsp;&nbsp;&nbsp;&nbsp;&nbsp;&nbsp;&nbsp;</br></br></br><b>カラー:</b>&nbsp;&nbsp;&nbsp;グレー</br><b>スタイル:</b>&nbsp;&nbsp;&nbsp;カジュアル</br><b>柄-タイプ:</b>&nbsp;&nbsp;&nbsp;プレーン</br><b>シーズン:</b>&nbsp;&nbsp;&nbsp;秋冬</br><b>タイプ:</b>&nbsp;&nbsp;&nbsp;プルオーバー</br><b>ネックライン:</b>&nbsp;&nbsp;&nbsp;ラウンドネック</br><b>袖丈:</b>&nbsp;&nbsp;&nbsp;ロングスリーブ</br><b>スリーブ-タイプ:</b>&nbsp;&nbsp;&nbsp;ドロップショルダー</br><b>長さ:</b>&nbsp;&nbsp;&nbsp;レギュラー</br><b>プラケット-タイプ:</b>&nbsp;&nbsp;&nbsp;プルオーバー</br><b>フィット-タイプ:</b>&nbsp;&nbsp;&nbsp;オーバーサイズ</br><b>ファブリック:</b>&nbsp;&nbsp;&nbsp;僅かストレッチ</br><b>材料:</b>&nbsp;&nbsp;&nbsp;ポリエステル</br><b>成分:</b>&nbsp;&nbsp;&nbsp;100% ポリエステル</br><b>お手入れ方法:</b>&nbsp;&nbsp;&nbsp;Machine wash or professional dry clean</br><b>極薄シアー:</b>&nbsp;&nbsp;&nbsp;No</br>,M(6),グレー,https://img.ltwebstatic.com/images3_pi/2021/11/06/16361880192211f0c8893ca30b506e17952bce04a8.jpg,https://img.ltwebstatic.com/images3_pi/2021/11/06/16361880223c612d7d796b708dd8188a3cb2cc9605.jpg,https://img.ltwebstatic.com/images3_pi/2021/11/06/16361880253d774477f7bd0b40dcabd0611730077b.jpg,https://img.ltwebstatic.com/images3_pi/2021/11/06/16361880292417dbed1da76dd4a35a085ccc2885df.jpg,https://img.ltwebstatic.com/images3_pi/2021/11/06/163618803259f6e74dc64d67452884e9469a81c144.jpg,https://img.ltwebstatic.com/images3_pi/2021/11/06/1636188034402e850f0ebecdfc9566e871a40737a3.jpg,,
"https://jp.shein.com/Drop-Shoulder-Solid-Sweater-p-5578237-cat-1734.html?scici=WomenHomePage~~ON_Banner,CN_category,HZ_Knitwear,HI_hotZoneuadal3wddc8~~6_1~~real_2216~~~~",sw2110116416080183-L(8/10),,"¥2,644",セーター ドロップショルダー ソリッド グレー L(8/10),"{'極薄シアー': 'No', 'お手入れ方法': 'Machine wash or professional dry clean', '成分': '100% ポリエステル', '材料': 'ポリエステル', 'ファブリック': '僅かストレッチ', 'フィット-タイプ': 'オーバーサイズ', 'プラケット-タイプ': 'プルオーバー', '長さ': 'レギュラー', 'スリーブ-タイプ': 'ドロップショルダー', '袖丈': 'ロングスリーブ', 'ネックライン': 'ラウンドネック', 'タイプ': 'プルオーバー', 'シーズン': '秋冬', '柄-タイプ': 'プレーン', 'スタイル': 'カジュアル', 'カラー': 'グレー'}",サイズ&nbsp;US&nbsp;肩&nbsp;長さ&nbsp;袖丈&nbsp;バスト&nbsp;カフ&nbsp;上腕二頭筋の長さ&nbsp;</br>S&nbsp;&nbsp;&nbsp;&nbsp;&nbsp;&nbsp;4&nbsp;&nbsp;&nbsp;&nbsp;&nbsp;58&nbsp;&nbsp;&nbsp;53&nbsp;&nbsp;&nbsp;&nbsp;49&nbsp;&nbsp;&nbsp;&nbsp;114&nbsp;&nbsp;&nbsp;&nbsp;18&nbsp;&nbsp;&nbsp;&nbsp;36&nbsp;&nbsp;&nbsp;&nbsp;&nbsp;&nbsp;&nbsp;&nbsp;&nbsp;&nbsp;</br>M&nbsp;&nbsp;&nbsp;&nbsp;&nbsp;&nbsp;6&nbsp;&nbsp;&nbsp;&nbsp;&nbsp;60&nbsp;&nbsp;&nbsp;54&nbsp;&nbsp;&nbsp;&nbsp;49.5&nbsp;&nbsp;118&nbsp;&nbsp;&nbsp;&nbsp;19&nbsp;&nbsp;&nbsp;&nbsp;37.5&nbsp;&nbsp;&nbsp;&nbsp;&nbsp;&nbsp;&nbsp;&nbsp;</br>L&nbsp;&nbsp;&nbsp;&nbsp;&nbsp;&nbsp;8/10&nbsp;&nbsp;63&nbsp;&nbsp;&nbsp;55.5&nbsp;&nbsp;50.25&nbsp;124&nbsp;&nbsp;&nbsp;&nbsp;20.5&nbsp;&nbsp;39.7&nbsp;&nbsp;&nbsp;&nbsp;&nbsp;&nbsp;&nbsp;&nbsp;</br></br></br><b>カラー:</b>&nbsp;&nbsp;&nbsp;グレー</br><b>スタイル:</b>&nbsp;&nbsp;&nbsp;カジュアル</br><b>柄-タイプ:</b>&nbsp;&nbsp;&nbsp;プレーン</br><b>シーズン:</b>&nbsp;&nbsp;&nbsp;秋冬</br><b>タイプ:</b>&nbsp;&nbsp;&nbsp;プルオーバー</br><b>ネックライン:</b>&nbsp;&nbsp;&nbsp;ラウンドネック</br><b>袖丈:</b>&nbsp;&nbsp;&nbsp;ロングスリーブ</br><b>スリーブ-タイプ:</b>&nbsp;&nbsp;&nbsp;ドロップショルダー</br><b>長さ:</b>&nbsp;&nbsp;&nbsp;レギュラー</br><b>プラケット-タイプ:</b>&nbsp;&nbsp;&nbsp;プルオーバー</br><b>フィット-タイプ:</b>&nbsp;&nbsp;&nbsp;オーバーサイズ</br><b>ファブリック:</b>&nbsp;&nbsp;&nbsp;僅かストレッチ</br><b>材料:</b>&nbsp;&nbsp;&nbsp;ポリエステル</br><b>成分:</b>&nbsp;&nbsp;&nbsp;100% ポリエステル</br><b>お手入れ方法:</b>&nbsp;&nbsp;&nbsp;Machine wash or professional dry clean</br><b>極薄シアー:</b>&nbsp;&nbsp;&nbsp;No</br>,L(8/10),グレー,https://img.ltwebstatic.com/images3_pi/2021/11/06/16361880192211f0c8893ca30b506e17952bce04a8.jpg,https://img.ltwebstatic.com/images3_pi/2021/11/06/16361880223c612d7d796b708dd8188a3cb2cc9605.jpg,https://img.ltwebstatic.com/images3_pi/2021/11/06/16361880253d774477f7bd0b40dcabd0611730077b.jpg,https://img.ltwebstatic.com/images3_pi/2021/11/06/16361880292417dbed1da76dd4a35a085ccc2885df.jpg,https://img.ltwebstatic.com/images3_pi/2021/11/06/163618803259f6e74dc64d67452884e9469a81c144.jpg,https://img.ltwebstatic.com/images3_pi/2021/11/06/1636188034402e850f0ebecdfc9566e871a40737a3.jpg,,
"https://jp.shein.com/Drop-Shoulder-Solid-Sweater-p-5578237-cat-1734.html?scici=WomenHomePage~~ON_Banner,CN_category,HZ_Knitwear,HI_hotZoneuadal3wddc8~~6_1~~real_2216~~~~",sw2110113632513871-S(4),,"¥2,443",セーター ドロップショルダー ソリッド 赤 S(4),"{'極薄シアー': 'No', 'お手入れ方法': 'Machine wash or professional dry clean', '成分': '100% ポリエステル', '材料': 'ポリエステル', 'ファブリック': '僅かストレッチ', 'フィット-タイプ': 'オーバーサイズ', 'プラケット-タイプ': 'プルオーバー', '長さ': 'レギュラー', 'スリーブ-タイプ': 'ドロップショルダー', '袖丈': 'ロングスリーブ', 'ネックライン': 'ラウンドネック', 'タイプ': 'プルオーバー', 'シーズン': '秋冬', '柄-タイプ': 'プレーン', 'スタイル': 'カジュアル', 'カラー': '赤'}",サイズ&nbsp;US&nbsp;肩&nbsp;長さ&nbsp;袖丈&nbsp;バスト&nbsp;カフ&nbsp;上腕二頭筋の長さ&nbsp;</br>S&nbsp;&nbsp;&nbsp;&nbsp;&nbsp;&nbsp;4&nbsp;&nbsp;&nbsp;&nbsp;&nbsp;58&nbsp;&nbsp;&nbsp;53&nbsp;&nbsp;&nbsp;&nbsp;49&nbsp;&nbsp;&nbsp;&nbsp;114&nbsp;&nbsp;&nbsp;&nbsp;18&nbsp;&nbsp;&nbsp;&nbsp;36&nbsp;&nbsp;&nbsp;&nbsp;&nbsp;&nbsp;&nbsp;&nbsp;&nbsp;&nbsp;</br>M&nbsp;&nbsp;&nbsp;&nbsp;&nbsp;&nbsp;6&nbsp;&nbsp;&nbsp;&nbsp;&nbsp;60&nbsp;&nbsp;&nbsp;54&nbsp;&nbsp;&nbsp;&nbsp;49.5&nbsp;&nbsp;118&nbsp;&nbsp;&nbsp;&nbsp;19&nbsp;&nbsp;&nbsp;&nbsp;37.5&nbsp;&nbsp;&nbsp;&nbsp;&nbsp;&nbsp;&nbsp;&nbsp;</br>L&nbsp;&nbsp;&nbsp;&nbsp;&nbsp;&nbsp;8/10&nbsp;&nbsp;63&nbsp;&nbsp;&nbsp;55.5&nbsp;&nbsp;50.25&nbsp;124&nbsp;&nbsp;&nbsp;&nbsp;20.5&nbsp;&nbsp;39.7&nbsp;&nbsp;&nbsp;&nbsp;&nbsp;&nbsp;&nbsp;&nbsp;</br></br></br><b>カラー:</b>&nbsp;&nbsp;&nbsp;赤</br><b>スタイル:</b>&nbsp;&nbsp;&nbsp;カジュアル</br><b>柄-タイプ:</b>&nbsp;&nbsp;&nbsp;プレーン</br><b>シーズン:</b>&nbsp;&nbsp;&nbsp;秋冬</br><b>タイプ:</b>&nbsp;&nbsp;&nbsp;プルオーバー</br><b>ネックライン:</b>&nbsp;&nbsp;&nbsp;ラウンドネック</br><b>袖丈:</b>&nbsp;&nbsp;&nbsp;ロングスリーブ</br><b>スリーブ-タイプ:</b>&nbsp;&nbsp;&nbsp;ドロップショルダー</br><b>長さ:</b>&nbsp;&nbsp;&nbsp;レギュラー</br><b>プラケット-タイプ:</b>&nbsp;&nbsp;&nbsp;プルオーバー</br><b>フィット-タイプ:</b>&nbsp;&nbsp;&nbsp;オーバーサイズ</br><b>ファブリック:</b>&nbsp;&nbsp;&nbsp;僅かストレッチ</br><b>材料:</b>&nbsp;&nbsp;&nbsp;ポリエステル</br><b>成分:</b>&nbsp;&nbsp;&nbsp;100% ポリエステル</br><b>お手入れ方法:</b>&nbsp;&nbsp;&nbsp;Machine wash or professional dry clean</br><b>極薄シアー:</b>&nbsp;&nbsp;&nbsp;No</br>,S(4),赤,https://img.ltwebstatic.com/images3_pi/2021/11/06/1636187981354b51b780f575c0d3ab8861186dca74.jpg,https://img.ltwebstatic.com/images3_pi/2021/11/06/16361879764e08db83073057b4826757bf4fee7e5c.jpg,https://img.ltwebstatic.com/images3_pi/2021/11/06/16361879785e73eb37aa7b665e8492f83d7e0ec606.jpg,https://img.ltwebstatic.com/images3_pi/2021/11/06/163618798391b72df0e60efe2c5e09e8db0440a5e5.jpg,https://img.ltwebstatic.com/images3_pi/2021/11/06/16361879856ee0c53f84cc65e9c5790f0cb99d9c43.jpg,https://img.ltwebstatic.com/images3_pi/2021/11/06/1636187988ac7382d37a851d31b58f408c44ac63a4.jpg,,
"https://jp.shein.com/Drop-Shoulder-Solid-Sweater-p-5578237-cat-1734.html?scici=WomenHomePage~~ON_Banner,CN_category,HZ_Knitwear,HI_hotZoneuadal3wddc8~~6_1~~real_2216~~~~",sw2110113632513871-M(6),,"¥2,443",セーター ドロップショルダー ソリッド 赤 M(6),"{'極薄シアー': 'No', 'お手入れ方法': 'Machine wash or professional dry clean', '成分': '100% ポリエステル', '材料': 'ポリエステル', 'ファブリック': '僅かストレッチ', 'フィット-タイプ': 'オーバーサイズ', 'プラケット-タイプ': 'プルオーバー', '長さ': 'レギュラー', 'スリーブ-タイプ': 'ドロップショルダー', '袖丈': 'ロングスリーブ', 'ネックライン': 'ラウンドネック', 'タイプ': 'プルオーバー', 'シーズン': '秋冬', '柄-タイプ': 'プレーン', 'スタイル': 'カジュアル', 'カラー': '赤'}",サイズ&nbsp;US&nbsp;肩&nbsp;長さ&nbsp;袖丈&nbsp;バスト&nbsp;カフ&nbsp;上腕二頭筋の長さ&nbsp;</br>S&nbsp;&nbsp;&nbsp;&nbsp;&nbsp;&nbsp;4&nbsp;&nbsp;&nbsp;&nbsp;&nbsp;58&nbsp;&nbsp;&nbsp;53&nbsp;&nbsp;&nbsp;&nbsp;49&nbsp;&nbsp;&nbsp;&nbsp;114&nbsp;&nbsp;&nbsp;&nbsp;18&nbsp;&nbsp;&nbsp;&nbsp;36&nbsp;&nbsp;&nbsp;&nbsp;&nbsp;&nbsp;&nbsp;&nbsp;&nbsp;&nbsp;</br>M&nbsp;&nbsp;&nbsp;&nbsp;&nbsp;&nbsp;6&nbsp;&nbsp;&nbsp;&nbsp;&nbsp;60&nbsp;&nbsp;&nbsp;54&nbsp;&nbsp;&nbsp;&nbsp;49.5&nbsp;&nbsp;118&nbsp;&nbsp;&nbsp;&nbsp;19&nbsp;&nbsp;&nbsp;&nbsp;37.5&nbsp;&nbsp;&nbsp;&nbsp;&nbsp;&nbsp;&nbsp;&nbsp;</br>L&nbsp;&nbsp;&nbsp;&nbsp;&nbsp;&nbsp;8/10&nbsp;&nbsp;63&nbsp;&nbsp;&nbsp;55.5&nbsp;&nbsp;50.25&nbsp;124&nbsp;&nbsp;&nbsp;&nbsp;20.5&nbsp;&nbsp;39.7&nbsp;&nbsp;&nbsp;&nbsp;&nbsp;&nbsp;&nbsp;&nbsp;</br></br></br><b>カラー:</b>&nbsp;&nbsp;&nbsp;赤</br><b>スタイル:</b>&nbsp;&nbsp;&nbsp;カジュアル</br><b>柄-タイプ:</b>&nbsp;&nbsp;&nbsp;プレーン</br><b>シーズン:</b>&nbsp;&nbsp;&nbsp;秋冬</br><b>タイプ:</b>&nbsp;&nbsp;&nbsp;プルオーバー</br><b>ネックライン:</b>&nbsp;&nbsp;&nbsp;ラウンドネック</br><b>袖丈:</b>&nbsp;&nbsp;&nbsp;ロングスリーブ</br><b>スリーブ-タイプ:</b>&nbsp;&nbsp;&nbsp;ドロップショルダー</br><b>長さ:</b>&nbsp;&nbsp;&nbsp;レギュラー</br><b>プラケット-タイプ:</b>&nbsp;&nbsp;&nbsp;プルオーバー</br><b>フィット-タイプ:</b>&nbsp;&nbsp;&nbsp;オーバーサイズ</br><b>ファブリック:</b>&nbsp;&nbsp;&nbsp;僅かストレッチ</br><b>材料:</b>&nbsp;&nbsp;&nbsp;ポリエステル</br><b>成分:</b>&nbsp;&nbsp;&nbsp;100% ポリエステル</br><b>お手入れ方法:</b>&nbsp;&nbsp;&nbsp;Machine wash or professional dry clean</br><b>極薄シアー:</b>&nbsp;&nbsp;&nbsp;No</br>,M(6),赤,https://img.ltwebstatic.com/images3_pi/2021/11/06/1636187981354b51b780f575c0d3ab8861186dca74.jpg,https://img.ltwebstatic.com/images3_pi/2021/11/06/16361879764e08db83073057b4826757bf4fee7e5c.jpg,https://img.ltwebstatic.com/images3_pi/2021/11/06/16361879785e73eb37aa7b665e8492f83d7e0ec606.jpg,https://img.ltwebstatic.com/images3_pi/2021/11/06/163618798391b72df0e60efe2c5e09e8db0440a5e5.jpg,https://img.ltwebstatic.com/images3_pi/2021/11/06/16361879856ee0c53f84cc65e9c5790f0cb99d9c43.jpg,https://img.ltwebstatic.com/images3_pi/2021/11/06/1636187988ac7382d37a851d31b58f408c44ac63a4.jpg,,
"https://jp.shein.com/Drop-Shoulder-Solid-Sweater-p-5578237-cat-1734.html?scici=WomenHomePage~~ON_Banner,CN_category,HZ_Knitwear,HI_hotZoneuadal3wddc8~~6_1~~real_2216~~~~",sw2110113632513871-L(8/10),,"¥2,443",セーター ドロップショルダー ソリッド 赤 L(8/10),"{'極薄シアー': 'No', 'お手入れ方法': 'Machine wash or professional dry clean', '成分': '100% ポリエステル', '材料': 'ポリエステル', 'ファブリック': '僅かストレッチ', 'フィット-タイプ': 'オーバーサイズ', 'プラケット-タイプ': 'プルオーバー', '長さ': 'レギュラー', 'スリーブ-タイプ': 'ドロップショルダー', '袖丈': 'ロングスリーブ', 'ネックライン': 'ラウンドネック', 'タイプ': 'プルオーバー', 'シーズン': '秋冬', '柄-タイプ': 'プレーン', 'スタイル': 'カジュアル', 'カラー': '赤'}",サイズ&nbsp;US&nbsp;肩&nbsp;長さ&nbsp;袖丈&nbsp;バスト&nbsp;カフ&nbsp;上腕二頭筋の長さ&nbsp;</br>S&nbsp;&nbsp;&nbsp;&nbsp;&nbsp;&nbsp;4&nbsp;&nbsp;&nbsp;&nbsp;&nbsp;58&nbsp;&nbsp;&nbsp;53&nbsp;&nbsp;&nbsp;&nbsp;49&nbsp;&nbsp;&nbsp;&nbsp;114&nbsp;&nbsp;&nbsp;&nbsp;18&nbsp;&nbsp;&nbsp;&nbsp;36&nbsp;&nbsp;&nbsp;&nbsp;&nbsp;&nbsp;&nbsp;&nbsp;&nbsp;&nbsp;</br>M&nbsp;&nbsp;&nbsp;&nbsp;&nbsp;&nbsp;6&nbsp;&nbsp;&nbsp;&nbsp;&nbsp;60&nbsp;&nbsp;&nbsp;54&nbsp;&nbsp;&nbsp;&nbsp;49.5&nbsp;&nbsp;118&nbsp;&nbsp;&nbsp;&nbsp;19&nbsp;&nbsp;&nbsp;&nbsp;37.5&nbsp;&nbsp;&nbsp;&nbsp;&nbsp;&nbsp;&nbsp;&nbsp;</br>L&nbsp;&nbsp;&nbsp;&nbsp;&nbsp;&nbsp;8/10&nbsp;&nbsp;63&nbsp;&nbsp;&nbsp;55.5&nbsp;&nbsp;50.25&nbsp;124&nbsp;&nbsp;&nbsp;&nbsp;20.5&nbsp;&nbsp;39.7&nbsp;&nbsp;&nbsp;&nbsp;&nbsp;&nbsp;&nbsp;&nbsp;</br></br></br><b>カラー:</b>&nbsp;&nbsp;&nbsp;赤</br><b>スタイル:</b>&nbsp;&nbsp;&nbsp;カジュアル</br><b>柄-タイプ:</b>&nbsp;&nbsp;&nbsp;プレーン</br><b>シーズン:</b>&nbsp;&nbsp;&nbsp;秋冬</br><b>タイプ:</b>&nbsp;&nbsp;&nbsp;プルオーバー</br><b>ネックライン:</b>&nbsp;&nbsp;&nbsp;ラウンドネック</br><b>袖丈:</b>&nbsp;&nbsp;&nbsp;ロングスリーブ</br><b>スリーブ-タイプ:</b>&nbsp;&nbsp;&nbsp;ドロップショルダー</br><b>長さ:</b>&nbsp;&nbsp;&nbsp;レギュラー</br><b>プラケット-タイプ:</b>&nbsp;&nbsp;&nbsp;プルオーバー</br><b>フィット-タイプ:</b>&nbsp;&nbsp;&nbsp;オーバーサイズ</br><b>ファブリック:</b>&nbsp;&nbsp;&nbsp;僅かストレッチ</br><b>材料:</b>&nbsp;&nbsp;&nbsp;ポリエステル</br><b>成分:</b>&nbsp;&nbsp;&nbsp;100% ポリエステル</br><b>お手入れ方法:</b>&nbsp;&nbsp;&nbsp;Machine wash or professional dry clean</br><b>極薄シアー:</b>&nbsp;&nbsp;&nbsp;No</br>,L(8/10),赤,https://img.ltwebstatic.com/images3_pi/2021/11/06/1636187981354b51b780f575c0d3ab8861186dca74.jpg,https://img.ltwebstatic.com/images3_pi/2021/11/06/16361879764e08db83073057b4826757bf4fee7e5c.jpg,https://img.ltwebstatic.com/images3_pi/2021/11/06/16361879785e73eb37aa7b665e8492f83d7e0ec606.jpg,https://img.ltwebstatic.com/images3_pi/2021/11/06/163618798391b72df0e60efe2c5e09e8db0440a5e5.jpg,https://img.ltwebstatic.com/images3_pi/2021/11/06/16361879856ee0c53f84cc65e9c5790f0cb99d9c43.jpg,https://img.ltwebstatic.com/images3_pi/2021/11/06/1636187988ac7382d37a851d31b58f408c44ac63a4.jpg,,
"https://jp.shein.com/Drop-Shoulder-Solid-Sweater-p-5578237-cat-1734.html?scici=WomenHomePage~~ON_Banner,CN_category,HZ_Knitwear,HI_hotZoneuadal3wddc8~~6_1~~real_2216~~~~",sw2110110025341664-S(4),,"¥2,374",セーター ドロップショルダー ソリッド グリーン S(4),"{'極薄シアー': 'No', 'お手入れ方法': 'Machine wash or professional dry clean', '成分': '100% ポリエステル', '材料': 'ポリエステル', 'ファブリック': '僅かストレッチ', 'フィット-タイプ': 'オーバーサイズ', 'プラケット-タイプ': 'プルオーバー', '長さ': 'レギュラー', 'スリーブ-タイプ': 'ドロップショルダー', '袖丈': 'ロングスリーブ', 'ネックライン': 'ラウンドネック', 'タイプ': 'プルオーバー', 'シーズン': '秋冬', '柄-タイプ': 'プレーン', 'スタイル': 'カジュアル', 'カラー': 'グリーン'}",サイズ&nbsp;US&nbsp;肩&nbsp;長さ&nbsp;袖丈&nbsp;バスト&nbsp;カフ&nbsp;上腕二頭筋の長さ&nbsp;</br>S&nbsp;&nbsp;&nbsp;&nbsp;&nbsp;&nbsp;4&nbsp;&nbsp;&nbsp;&nbsp;&nbsp;58&nbsp;&nbsp;&nbsp;53&nbsp;&nbsp;&nbsp;&nbsp;49&nbsp;&nbsp;&nbsp;&nbsp;114&nbsp;&nbsp;&nbsp;&nbsp;18&nbsp;&nbsp;&nbsp;&nbsp;36&nbsp;&nbsp;&nbsp;&nbsp;&nbsp;&nbsp;&nbsp;&nbsp;&nbsp;&nbsp;</br>M&nbsp;&nbsp;&nbsp;&nbsp;&nbsp;&nbsp;6&nbsp;&nbsp;&nbsp;&nbsp;&nbsp;60&nbsp;&nbsp;&nbsp;54&nbsp;&nbsp;&nbsp;&nbsp;49.5&nbsp;&nbsp;118&nbsp;&nbsp;&nbsp;&nbsp;19&nbsp;&nbsp;&nbsp;&nbsp;37.5&nbsp;&nbsp;&nbsp;&nbsp;&nbsp;&nbsp;&nbsp;&nbsp;</br>L&nbsp;&nbsp;&nbsp;&nbsp;&nbsp;&nbsp;8/10&nbsp;&nbsp;63&nbsp;&nbsp;&nbsp;55.5&nbsp;&nbsp;50.25&nbsp;124&nbsp;&nbsp;&nbsp;&nbsp;20.5&nbsp;&nbsp;39.7&nbsp;&nbsp;&nbsp;&nbsp;&nbsp;&nbsp;&nbsp;&nbsp;</br></br></br><b>カラー:</b>&nbsp;&nbsp;&nbsp;グリーン</br><b>スタイル:</b>&nbsp;&nbsp;&nbsp;カジュアル</br><b>柄-タイプ:</b>&nbsp;&nbsp;&nbsp;プレーン</br><b>シーズン:</b>&nbsp;&nbsp;&nbsp;秋冬</br><b>タイプ:</b>&nbsp;&nbsp;&nbsp;プルオーバー</br><b>ネックライン:</b>&nbsp;&nbsp;&nbsp;ラウンドネック</br><b>袖丈:</b>&nbsp;&nbsp;&nbsp;ロングスリーブ</br><b>スリーブ-タイプ:</b>&nbsp;&nbsp;&nbsp;ドロップショルダー</br><b>長さ:</b>&nbsp;&nbsp;&nbsp;レギュラー</br><b>プラケット-タイプ:</b>&nbsp;&nbsp;&nbsp;プルオーバー</br><b>フィット-タイプ:</b>&nbsp;&nbsp;&nbsp;オーバーサイズ</br><b>ファブリック:</b>&nbsp;&nbsp;&nbsp;僅かストレッチ</br><b>材料:</b>&nbsp;&nbsp;&nbsp;ポリエステル</br><b>成分:</b>&nbsp;&nbsp;&nbsp;100% ポリエステル</br><b>お手入れ方法:</b>&nbsp;&nbsp;&nbsp;Machine wash or professional dry clean</br><b>極薄シアー:</b>&nbsp;&nbsp;&nbsp;No</br>,S(4),グリーン,https://img.ltwebstatic.com/images3_pi/2021/10/16/1634365782116bbae54c8d34b1d123eb7179790add.jpg,https://img.ltwebstatic.com/images3_pi/2021/10/16/16343657849602ff0c342b367cd8a442e8007ac69e.jpg,https://img.ltwebstatic.com/images3_pi/2021/10/16/16343657859244c2fe45fde7e0d219f8ab2e2c44dc.jpg,https://img.ltwebstatic.com/images3_pi/2021/10/16/16343657896f4ee672484bf054de2f28965682c988.jpg,https://img.ltwebstatic.com/images3_pi/2021/10/16/1634365791bb9e9f9a8243ab318493bbdb1f6ea36f.jpg,https://img.ltwebstatic.com/images3_pi/2021/10/16/163436579311d5084d8872588d02212d652f71b327.jpg,,
"https://jp.shein.com/Drop-Shoulder-Solid-Sweater-p-5578237-cat-1734.html?scici=WomenHomePage~~ON_Banner,CN_category,HZ_Knitwear,HI_hotZoneuadal3wddc8~~6_1~~real_2216~~~~",sw2110110025341664-M(6),,"¥2,374",セーター ドロップショルダー ソリッド グリーン M(6),"{'極薄シアー': 'No', 'お手入れ方法': 'Machine wash or professional dry clean', '成分': '100% ポリエステル', '材料': 'ポリエステル', 'ファブリック': '僅かストレッチ', 'フィット-タイプ': 'オーバーサイズ', 'プラケット-タイプ': 'プルオーバー', '長さ': 'レギュラー', 'スリーブ-タイプ': 'ドロップショルダー', '袖丈': 'ロングスリーブ', 'ネックライン': 'ラウンドネック', 'タイプ': 'プルオーバー', 'シーズン': '秋冬', '柄-タイプ': 'プレーン', 'スタイル': 'カジュアル', 'カラー': 'グリーン'}",サイズ&nbsp;US&nbsp;肩&nbsp;長さ&nbsp;袖丈&nbsp;バスト&nbsp;カフ&nbsp;上腕二頭筋の長さ&nbsp;</br>S&nbsp;&nbsp;&nbsp;&nbsp;&nbsp;&nbsp;4&nbsp;&nbsp;&nbsp;&nbsp;&nbsp;58&nbsp;&nbsp;&nbsp;53&nbsp;&nbsp;&nbsp;&nbsp;49&nbsp;&nbsp;&nbsp;&nbsp;114&nbsp;&nbsp;&nbsp;&nbsp;18&nbsp;&nbsp;&nbsp;&nbsp;36&nbsp;&nbsp;&nbsp;&nbsp;&nbsp;&nbsp;&nbsp;&nbsp;&nbsp;&nbsp;</br>M&nbsp;&nbsp;&nbsp;&nbsp;&nbsp;&nbsp;6&nbsp;&nbsp;&nbsp;&nbsp;&nbsp;60&nbsp;&nbsp;&nbsp;54&nbsp;&nbsp;&nbsp;&nbsp;49.5&nbsp;&nbsp;118&nbsp;&nbsp;&nbsp;&nbsp;19&nbsp;&nbsp;&nbsp;&nbsp;37.5&nbsp;&nbsp;&nbsp;&nbsp;&nbsp;&nbsp;&nbsp;&nbsp;</br>L&nbsp;&nbsp;&nbsp;&nbsp;&nbsp;&nbsp;8/10&nbsp;&nbsp;63&nbsp;&nbsp;&nbsp;55.5&nbsp;&nbsp;50.25&nbsp;124&nbsp;&nbsp;&nbsp;&nbsp;20.5&nbsp;&nbsp;39.7&nbsp;&nbsp;&nbsp;&nbsp;&nbsp;&nbsp;&nbsp;&nbsp;</br></br></br><b>カラー:</b>&nbsp;&nbsp;&nbsp;グリーン</br><b>スタイル:</b>&nbsp;&nbsp;&nbsp;カジュアル</br><b>柄-タイプ:</b>&nbsp;&nbsp;&nbsp;プレーン</br><b>シーズン:</b>&nbsp;&nbsp;&nbsp;秋冬</br><b>タイプ:</b>&nbsp;&nbsp;&nbsp;プルオーバー</br><b>ネックライン:</b>&nbsp;&nbsp;&nbsp;ラウンドネック</br><b>袖丈:</b>&nbsp;&nbsp;&nbsp;ロングスリーブ</br><b>スリーブ-タイプ:</b>&nbsp;&nbsp;&nbsp;ドロップショルダー</br><b>長さ:</b>&nbsp;&nbsp;&nbsp;レギュラー</br><b>プラケット-タイプ:</b>&nbsp;&nbsp;&nbsp;プルオーバー</br><b>フィット-タイプ:</b>&nbsp;&nbsp;&nbsp;オーバーサイズ</br><b>ファブリック:</b>&nbsp;&nbsp;&nbsp;僅かストレッチ</br><b>材料:</b>&nbsp;&nbsp;&nbsp;ポリエステル</br><b>成分:</b>&nbsp;&nbsp;&nbsp;100% ポリエステル</br><b>お手入れ方法:</b>&nbsp;&nbsp;&nbsp;Machine wash or professional dry clean</br><b>極薄シアー:</b>&nbsp;&nbsp;&nbsp;No</br>,M(6),グリーン,https://img.ltwebstatic.com/images3_pi/2021/10/16/1634365782116bbae54c8d34b1d123eb7179790add.jpg,https://img.ltwebstatic.com/images3_pi/2021/10/16/16343657849602ff0c342b367cd8a442e8007ac69e.jpg,https://img.ltwebstatic.com/images3_pi/2021/10/16/16343657859244c2fe45fde7e0d219f8ab2e2c44dc.jpg,https://img.ltwebstatic.com/images3_pi/2021/10/16/16343657896f4ee672484bf054de2f28965682c988.jpg,https://img.ltwebstatic.com/images3_pi/2021/10/16/1634365791bb9e9f9a8243ab318493bbdb1f6ea36f.jpg,https://img.ltwebstatic.com/images3_pi/2021/10/16/163436579311d5084d8872588d02212d652f71b327.jpg,,
"https://jp.shein.com/Drop-Shoulder-Solid-Sweater-p-5578237-cat-1734.html?scici=WomenHomePage~~ON_Banner,CN_category,HZ_Knitwear,HI_hotZoneuadal3wddc8~~6_1~~real_2216~~~~",sw2110110025341664-L(8/10),,"¥2,374",セーター ドロップショルダー ソリッド グリーン L(8/10),"{'極薄シアー': 'No', 'お手入れ方法': 'Machine wash or professional dry clean', '成分': '100% ポリエステル', '材料': 'ポリエステル', 'ファブリック': '僅かストレッチ', 'フィット-タイプ': 'オーバーサイズ', 'プラケット-タイプ': 'プルオーバー', '長さ': 'レギュラー', 'スリーブ-タイプ': 'ドロップショルダー', '袖丈': 'ロングスリーブ', 'ネックライン': 'ラウンドネック', 'タイプ': 'プルオーバー', 'シーズン': '秋冬', '柄-タイプ': 'プレーン', 'スタイル': 'カジュアル', 'カラー': 'グリーン'}",サイズ&nbsp;US&nbsp;肩&nbsp;長さ&nbsp;袖丈&nbsp;バスト&nbsp;カフ&nbsp;上腕二頭筋の長さ&nbsp;</br>S&nbsp;&nbsp;&nbsp;&nbsp;&nbsp;&nbsp;4&nbsp;&nbsp;&nbsp;&nbsp;&nbsp;58&nbsp;&nbsp;&nbsp;53&nbsp;&nbsp;&nbsp;&nbsp;49&nbsp;&nbsp;&nbsp;&nbsp;114&nbsp;&nbsp;&nbsp;&nbsp;18&nbsp;&nbsp;&nbsp;&nbsp;36&nbsp;&nbsp;&nbsp;&nbsp;&nbsp;&nbsp;&nbsp;&nbsp;&nbsp;&nbsp;</br>M&nbsp;&nbsp;&nbsp;&nbsp;&nbsp;&nbsp;6&nbsp;&nbsp;&nbsp;&nbsp;&nbsp;60&nbsp;&nbsp;&nbsp;54&nbsp;&nbsp;&nbsp;&nbsp;49.5&nbsp;&nbsp;118&nbsp;&nbsp;&nbsp;&nbsp;19&nbsp;&nbsp;&nbsp;&nbsp;37.5&nbsp;&nbsp;&nbsp;&nbsp;&nbsp;&nbsp;&nbsp;&nbsp;</br>L&nbsp;&nbsp;&nbsp;&nbsp;&nbsp;&nbsp;8/10&nbsp;&nbsp;63&nbsp;&nbsp;&nbsp;55.5&nbsp;&nbsp;50.25&nbsp;124&nbsp;&nbsp;&nbsp;&nbsp;20.5&nbsp;&nbsp;39.7&nbsp;&nbsp;&nbsp;&nbsp;&nbsp;&nbsp;&nbsp;&nbsp;</br></br></br><b>カラー:</b>&nbsp;&nbsp;&nbsp;グリーン</br><b>スタイル:</b>&nbsp;&nbsp;&nbsp;カジュアル</br><b>柄-タイプ:</b>&nbsp;&nbsp;&nbsp;プレーン</br><b>シーズン:</b>&nbsp;&nbsp;&nbsp;秋冬</br><b>タイプ:</b>&nbsp;&nbsp;&nbsp;プルオーバー</br><b>ネックライン:</b>&nbsp;&nbsp;&nbsp;ラウンドネック</br><b>袖丈:</b>&nbsp;&nbsp;&nbsp;ロングスリーブ</br><b>スリーブ-タイプ:</b>&nbsp;&nbsp;&nbsp;ドロップショルダー</br><b>長さ:</b>&nbsp;&nbsp;&nbsp;レギュラー</br><b>プラケット-タイプ:</b>&nbsp;&nbsp;&nbsp;プルオーバー</br><b>フィット-タイプ:</b>&nbsp;&nbsp;&nbsp;オーバーサイズ</br><b>ファブリック:</b>&nbsp;&nbsp;&nbsp;僅かストレッチ</br><b>材料:</b>&nbsp;&nbsp;&nbsp;ポリエステル</br><b>成分:</b>&nbsp;&nbsp;&nbsp;100% ポリエステル</br><b>お手入れ方法:</b>&nbsp;&nbsp;&nbsp;Machine wash or professional dry clean</br><b>極薄シアー:</b>&nbsp;&nbsp;&nbsp;No</br>,L(8/10),グリーン,https://img.ltwebstatic.com/images3_pi/2021/10/16/1634365782116bbae54c8d34b1d123eb7179790add.jpg,https://img.ltwebstatic.com/images3_pi/2021/10/16/16343657849602ff0c342b367cd8a442e8007ac69e.jpg,https://img.ltwebstatic.com/images3_pi/2021/10/16/16343657859244c2fe45fde7e0d219f8ab2e2c44dc.jpg,https://img.ltwebstatic.com/images3_pi/2021/10/16/16343657896f4ee672484bf054de2f28965682c988.jpg,https://img.ltwebstatic.com/images3_pi/2021/10/16/1634365791bb9e9f9a8243ab318493bbdb1f6ea36f.jpg,https://img.ltwebstatic.com/images3_pi/2021/10/16/163436579311d5084d8872588d02212d652f71b327.jpg,,
"https://jp.shein.com/Drop-Shoulder-Solid-Sweater-p-5578237-cat-1734.html?scici=WomenHomePage~~ON_Banner,CN_category,HZ_Knitwear,HI_hotZoneuadal3wddc8~~6_1~~real_2216~~~~",sw2107132358877031-S(4),,"¥2,252",セーター ドロップショルダー ソリッド ロイヤルブルー S(4),"{'極薄シアー': 'No', 'お手入れ方法': 'Machine wash or professional dry clean', '成分': '100% ポリエステル', '材料': 'ポリエステル', 'ファブリック': '僅かストレッチ', 'フィット-タイプ': 'オーバーサイズ', 'プラケット-タイプ': 'プルオーバー', '長さ': 'レギュラー', 'スリーブ-タイプ': 'ドロップショルダー', '袖丈': 'ロングスリーブ', 'ネックライン': 'ラウンドネック', 'タイプ': 'プルオーバー', 'シーズン': '秋冬', '柄-タイプ': 'プレーン', 'スタイル': 'カジュアル', 'カラー': 'ロイヤルブルー'}",サイズ&nbsp;US&nbsp;肩&nbsp;長さ&nbsp;袖丈&nbsp;バスト&nbsp;カフ&nbsp;上腕二頭筋の長さ&nbsp;</br>S&nbsp;&nbsp;&nbsp;&nbsp;&nbsp;&nbsp;4&nbsp;&nbsp;&nbsp;&nbsp;&nbsp;58&nbsp;&nbsp;&nbsp;53&nbsp;&nbsp;&nbsp;&nbsp;49&nbsp;&nbsp;&nbsp;&nbsp;114&nbsp;&nbsp;&nbsp;&nbsp;18&nbsp;&nbsp;&nbsp;&nbsp;36&nbsp;&nbsp;&nbsp;&nbsp;&nbsp;&nbsp;&nbsp;&nbsp;&nbsp;&nbsp;</br>M&nbsp;&nbsp;&nbsp;&nbsp;&nbsp;&nbsp;6&nbsp;&nbsp;&nbsp;&nbsp;&nbsp;60&nbsp;&nbsp;&nbsp;54&nbsp;&nbsp;&nbsp;&nbsp;49.5&nbsp;&nbsp;118&nbsp;&nbsp;&nbsp;&nbsp;19&nbsp;&nbsp;&nbsp;&nbsp;37.5&nbsp;&nbsp;&nbsp;&nbsp;&nbsp;&nbsp;&nbsp;&nbsp;</br>L&nbsp;&nbsp;&nbsp;&nbsp;&nbsp;&nbsp;8/10&nbsp;&nbsp;63&nbsp;&nbsp;&nbsp;55.5&nbsp;&nbsp;50.25&nbsp;124&nbsp;&nbsp;&nbsp;&nbsp;20.5&nbsp;&nbsp;39.7&nbsp;&nbsp;&nbsp;&nbsp;&nbsp;&nbsp;&nbsp;&nbsp;</br></br></br><b>カラー:</b>&nbsp;&nbsp;&nbsp;ロイヤルブルー</br><b>スタイル:</b>&nbsp;&nbsp;&nbsp;カジュアル</br><b>柄-タイプ:</b>&nbsp;&nbsp;&nbsp;プレーン</br><b>シーズン:</b>&nbsp;&nbsp;&nbsp;秋冬</br><b>タイプ:</b>&nbsp;&nbsp;&nbsp;プルオーバー</br><b>ネックライン:</b>&nbsp;&nbsp;&nbsp;ラウンドネック</br><b>袖丈:</b>&nbsp;&nbsp;&nbsp;ロングスリーブ</br><b>スリーブ-タイプ:</b>&nbsp;&nbsp;&nbsp;ドロップショルダー</br><b>長さ:</b>&nbsp;&nbsp;&nbsp;レギュラー</br><b>プラケット-タイプ:</b>&nbsp;&nbsp;&nbsp;プルオーバー</br><b>フィット-タイプ:</b>&nbsp;&nbsp;&nbsp;オーバーサイズ</br><b>ファブリック:</b>&nbsp;&nbsp;&nbsp;僅かストレッチ</br><b>材料:</b>&nbsp;&nbsp;&nbsp;ポリエステル</br><b>成分:</b>&nbsp;&nbsp;&nbsp;100% ポリエステル</br><b>お手入れ方法:</b>&nbsp;&nbsp;&nbsp;Machine wash or professional dry clean</br><b>極薄シアー:</b>&nbsp;&nbsp;&nbsp;No</br>,S(4),ロイヤルブルー,https://img.ltwebstatic.com/images3_pi/2021/09/08/1631066971a106c20e58e5b829c5e339f33a057858.jpg,https://img.ltwebstatic.com/images3_pi/2021/09/08/1631066973e9f34790508272c5d29efe51deb1eec7.jpg,https://img.ltwebstatic.com/images3_pi/2021/09/08/1631066977953d1c6b1303668141000aa5a5e3a4c9.jpg,https://img.ltwebstatic.com/images3_pi/2021/09/08/1631066980ed5ab12a554b802d04535e5be73148d8.jpg,https://img.ltwebstatic.com/images3_pi/2021/09/08/16310669834785ba0557aa0ed8faee24452ae22840.jpg,https://img.ltwebstatic.com/images3_pi/2021/09/08/16310669868af73a0a7ce2a81490f61776df02939e.jpg,,
"https://jp.shein.com/Drop-Shoulder-Solid-Sweater-p-5578237-cat-1734.html?scici=WomenHomePage~~ON_Banner,CN_category,HZ_Knitwear,HI_hotZoneuadal3wddc8~~6_1~~real_2216~~~~",sw2107132358877031-M(6),,"¥2,252",セーター ドロップショルダー ソリッド ロイヤルブルー M(6),"{'極薄シアー': 'No', 'お手入れ方法': 'Machine wash or professional dry clean', '成分': '100% ポリエステル', '材料': 'ポリエステル', 'ファブリック': '僅かストレッチ', 'フィット-タイプ': 'オーバーサイズ', 'プラケット-タイプ': 'プルオーバー', '長さ': 'レギュラー', 'スリーブ-タイプ': 'ドロップショルダー', '袖丈': 'ロングスリーブ', 'ネックライン': 'ラウンドネック', 'タイプ': 'プルオーバー', 'シーズン': '秋冬', '柄-タイプ': 'プレーン', 'スタイル': 'カジュアル', 'カラー': 'ロイヤルブルー'}",サイズ&nbsp;US&nbsp;肩&nbsp;長さ&nbsp;袖丈&nbsp;バスト&nbsp;カフ&nbsp;上腕二頭筋の長さ&nbsp;</br>S&nbsp;&nbsp;&nbsp;&nbsp;&nbsp;&nbsp;4&nbsp;&nbsp;&nbsp;&nbsp;&nbsp;58&nbsp;&nbsp;&nbsp;53&nbsp;&nbsp;&nbsp;&nbsp;49&nbsp;&nbsp;&nbsp;&nbsp;114&nbsp;&nbsp;&nbsp;&nbsp;18&nbsp;&nbsp;&nbsp;&nbsp;36&nbsp;&nbsp;&nbsp;&nbsp;&nbsp;&nbsp;&nbsp;&nbsp;&nbsp;&nbsp;</br>M&nbsp;&nbsp;&nbsp;&nbsp;&nbsp;&nbsp;6&nbsp;&nbsp;&nbsp;&nbsp;&nbsp;60&nbsp;&nbsp;&nbsp;54&nbsp;&nbsp;&nbsp;&nbsp;49.5&nbsp;&nbsp;118&nbsp;&nbsp;&nbsp;&nbsp;19&nbsp;&nbsp;&nbsp;&nbsp;37.5&nbsp;&nbsp;&nbsp;&nbsp;&nbsp;&nbsp;&nbsp;&nbsp;</br>L&nbsp;&nbsp;&nbsp;&nbsp;&nbsp;&nbsp;8/10&nbsp;&nbsp;63&nbsp;&nbsp;&nbsp;55.5&nbsp;&nbsp;50.25&nbsp;124&nbsp;&nbsp;&nbsp;&nbsp;20.5&nbsp;&nbsp;39.7&nbsp;&nbsp;&nbsp;&nbsp;&nbsp;&nbsp;&nbsp;&nbsp;</br></br></br><b>カラー:</b>&nbsp;&nbsp;&nbsp;ロイヤルブルー</br><b>スタイル:</b>&nbsp;&nbsp;&nbsp;カジュアル</br><b>柄-タイプ:</b>&nbsp;&nbsp;&nbsp;プレーン</br><b>シーズン:</b>&nbsp;&nbsp;&nbsp;秋冬</br><b>タイプ:</b>&nbsp;&nbsp;&nbsp;プルオーバー</br><b>ネックライン:</b>&nbsp;&nbsp;&nbsp;ラウンドネック</br><b>袖丈:</b>&nbsp;&nbsp;&nbsp;ロングスリーブ</br><b>スリーブ-タイプ:</b>&nbsp;&nbsp;&nbsp;ドロップショルダー</br><b>長さ:</b>&nbsp;&nbsp;&nbsp;レギュラー</br><b>プラケット-タイプ:</b>&nbsp;&nbsp;&nbsp;プルオーバー</br><b>フィット-タイプ:</b>&nbsp;&nbsp;&nbsp;オーバーサイズ</br><b>ファブリック:</b>&nbsp;&nbsp;&nbsp;僅かストレッチ</br><b>材料:</b>&nbsp;&nbsp;&nbsp;ポリエステル</br><b>成分:</b>&nbsp;&nbsp;&nbsp;100% ポリエステル</br><b>お手入れ方法:</b>&nbsp;&nbsp;&nbsp;Machine wash or professional dry clean</br><b>極薄シアー:</b>&nbsp;&nbsp;&nbsp;No</br>,M(6),ロイヤルブルー,https://img.ltwebstatic.com/images3_pi/2021/09/08/1631066971a106c20e58e5b829c5e339f33a057858.jpg,https://img.ltwebstatic.com/images3_pi/2021/09/08/1631066973e9f34790508272c5d29efe51deb1eec7.jpg,https://img.ltwebstatic.com/images3_pi/2021/09/08/1631066977953d1c6b1303668141000aa5a5e3a4c9.jpg,https://img.ltwebstatic.com/images3_pi/2021/09/08/1631066980ed5ab12a554b802d04535e5be73148d8.jpg,https://img.ltwebstatic.com/images3_pi/2021/09/08/16310669834785ba0557aa0ed8faee24452ae22840.jpg,https://img.ltwebstatic.com/images3_pi/2021/09/08/16310669868af73a0a7ce2a81490f61776df02939e.jpg,,
"https://jp.shein.com/Drop-Shoulder-Solid-Sweater-p-5578237-cat-1734.html?scici=WomenHomePage~~ON_Banner,CN_category,HZ_Knitwear,HI_hotZoneuadal3wddc8~~6_1~~real_2216~~~~",sw2107132358877031-L(8/10),,"¥2,252",セーター ドロップショルダー ソリッド ロイヤルブルー L(8/10),"{'極薄シアー': 'No', 'お手入れ方法': 'Machine wash or professional dry clean', '成分': '100% ポリエステル', '材料': 'ポリエステル', 'ファブリック': '僅かストレッチ', 'フィット-タイプ': 'オーバーサイズ', 'プラケット-タイプ': 'プルオーバー', '長さ': 'レギュラー', 'スリーブ-タイプ': 'ドロップショルダー', '袖丈': 'ロングスリーブ', 'ネックライン': 'ラウンドネック', 'タイプ': 'プルオーバー', 'シーズン': '秋冬', '柄-タイプ': 'プレーン', 'スタイル': 'カジュアル', 'カラー': 'ロイヤルブルー'}",サイズ&nbsp;US&nbsp;肩&nbsp;長さ&nbsp;袖丈&nbsp;バスト&nbsp;カフ&nbsp;上腕二頭筋の長さ&nbsp;</br>S&nbsp;&nbsp;&nbsp;&nbsp;&nbsp;&nbsp;4&nbsp;&nbsp;&nbsp;&nbsp;&nbsp;58&nbsp;&nbsp;&nbsp;53&nbsp;&nbsp;&nbsp;&nbsp;49&nbsp;&nbsp;&nbsp;&nbsp;114&nbsp;&nbsp;&nbsp;&nbsp;18&nbsp;&nbsp;&nbsp;&nbsp;36&nbsp;&nbsp;&nbsp;&nbsp;&nbsp;&nbsp;&nbsp;&nbsp;&nbsp;&nbsp;</br>M&nbsp;&nbsp;&nbsp;&nbsp;&nbsp;&nbsp;6&nbsp;&nbsp;&nbsp;&nbsp;&nbsp;60&nbsp;&nbsp;&nbsp;54&nbsp;&nbsp;&nbsp;&nbsp;49.5&nbsp;&nbsp;118&nbsp;&nbsp;&nbsp;&nbsp;19&nbsp;&nbsp;&nbsp;&nbsp;37.5&nbsp;&nbsp;&nbsp;&nbsp;&nbsp;&nbsp;&nbsp;&nbsp;</br>L&nbsp;&nbsp;&nbsp;&nbsp;&nbsp;&nbsp;8/10&nbsp;&nbsp;63&nbsp;&nbsp;&nbsp;55.5&nbsp;&nbsp;50.25&nbsp;124&nbsp;&nbsp;&nbsp;&nbsp;20.5&nbsp;&nbsp;39.7&nbsp;&nbsp;&nbsp;&nbsp;&nbsp;&nbsp;&nbsp;&nbsp;</br></br></br><b>カラー:</b>&nbsp;&nbsp;&nbsp;ロイヤルブルー</br><b>スタイル:</b>&nbsp;&nbsp;&nbsp;カジュアル</br><b>柄-タイプ:</b>&nbsp;&nbsp;&nbsp;プレーン</br><b>シーズン:</b>&nbsp;&nbsp;&nbsp;秋冬</br><b>タイプ:</b>&nbsp;&nbsp;&nbsp;プルオーバー</br><b>ネックライン:</b>&nbsp;&nbsp;&nbsp;ラウンドネック</br><b>袖丈:</b>&nbsp;&nbsp;&nbsp;ロングスリーブ</br><b>スリーブ-タイプ:</b>&nbsp;&nbsp;&nbsp;ドロップショルダー</br><b>長さ:</b>&nbsp;&nbsp;&nbsp;レギュラー</br><b>プラケット-タイプ:</b>&nbsp;&nbsp;&nbsp;プルオーバー</br><b>フィット-タイプ:</b>&nbsp;&nbsp;&nbsp;オーバーサイズ</br><b>ファブリック:</b>&nbsp;&nbsp;&nbsp;僅かストレッチ</br><b>材料:</b>&nbsp;&nbsp;&nbsp;ポリエステル</br><b>成分:</b>&nbsp;&nbsp;&nbsp;100% ポリエステル</br><b>お手入れ方法:</b>&nbsp;&nbsp;&nbsp;Machine wash or professional dry clean</br><b>極薄シアー:</b>&nbsp;&nbsp;&nbsp;No</br>,L(8/10),ロイヤルブルー,https://img.ltwebstatic.com/images3_pi/2021/09/08/1631066971a106c20e58e5b829c5e339f33a057858.jpg,https://img.ltwebstatic.com/images3_pi/2021/09/08/1631066973e9f34790508272c5d29efe51deb1eec7.jpg,https://img.ltwebstatic.com/images3_pi/2021/09/08/1631066977953d1c6b1303668141000aa5a5e3a4c9.jpg,https://img.ltwebstatic.com/images3_pi/2021/09/08/1631066980ed5ab12a554b802d04535e5be73148d8.jpg,https://img.ltwebstatic.com/images3_pi/2021/09/08/16310669834785ba0557aa0ed8faee24452ae22840.jpg,https://img.ltwebstatic.com/images3_pi/2021/09/08/16310669868af73a0a7ce2a81490f61776df02939e.jpg,,
"https://jp.shein.com/Drop-Shoulder-Solid-Sweater-p-5578237-cat-1734.html?scici=WomenHomePage~~ON_Banner,CN_category,HZ_Knitwear,HI_hotZoneuadal3wddc8~~6_1~~real_2216~~~~",sw2110116613913551-S(4),,"¥2,614",セーター ドロップショルダー ソリッド Chocolate Brown S(4),"{'極薄シアー': 'No', 'お手入れ方法': 'Machine wash or professional dry clean', '成分': '100% ポリエステル', '材料': 'ポリエステル', 'ファブリック': '僅かストレッチ', 'フィット-タイプ': 'オーバーサイズ', 'プラケット-タイプ': 'プルオーバー', '長さ': 'レギュラー', 'スリーブ-タイプ': 'ドロップショルダー', '袖丈': 'ロングスリーブ', 'ネックライン': 'ラウンドネック', 'タイプ': 'プルオーバー', 'シーズン': '秋冬', '柄-タイプ': 'プレーン', 'スタイル': 'カジュアル', 'カラー': 'Chocolate Brown'}",サイズ&nbsp;US&nbsp;肩&nbsp;長さ&nbsp;袖丈&nbsp;バスト&nbsp;カフ&nbsp;上腕二頭筋の長さ&nbsp;</br>S&nbsp;&nbsp;&nbsp;&nbsp;&nbsp;&nbsp;4&nbsp;&nbsp;&nbsp;&nbsp;&nbsp;58&nbsp;&nbsp;&nbsp;53&nbsp;&nbsp;&nbsp;&nbsp;49&nbsp;&nbsp;&nbsp;&nbsp;114&nbsp;&nbsp;&nbsp;&nbsp;18&nbsp;&nbsp;&nbsp;&nbsp;36&nbsp;&nbsp;&nbsp;&nbsp;&nbsp;&nbsp;&nbsp;&nbsp;&nbsp;&nbsp;</br>M&nbsp;&nbsp;&nbsp;&nbsp;&nbsp;&nbsp;6&nbsp;&nbsp;&nbsp;&nbsp;&nbsp;60&nbsp;&nbsp;&nbsp;54&nbsp;&nbsp;&nbsp;&nbsp;49.5&nbsp;&nbsp;118&nbsp;&nbsp;&nbsp;&nbsp;19&nbsp;&nbsp;&nbsp;&nbsp;37.5&nbsp;&nbsp;&nbsp;&nbsp;&nbsp;&nbsp;&nbsp;&nbsp;</br>L&nbsp;&nbsp;&nbsp;&nbsp;&nbsp;&nbsp;8/10&nbsp;&nbsp;63&nbsp;&nbsp;&nbsp;55.5&nbsp;&nbsp;50.25&nbsp;124&nbsp;&nbsp;&nbsp;&nbsp;20.5&nbsp;&nbsp;39.7&nbsp;&nbsp;&nbsp;&nbsp;&nbsp;&nbsp;&nbsp;&nbsp;</br></br></br><b>カラー:</b>&nbsp;&nbsp;&nbsp;Chocolate Brown</br><b>スタイル:</b>&nbsp;&nbsp;&nbsp;カジュアル</br><b>柄-タイプ:</b>&nbsp;&nbsp;&nbsp;プレーン</br><b>シーズン:</b>&nbsp;&nbsp;&nbsp;秋冬</br><b>タイプ:</b>&nbsp;&nbsp;&nbsp;プルオーバー</br><b>ネックライン:</b>&nbsp;&nbsp;&nbsp;ラウンドネック</br><b>袖丈:</b>&nbsp;&nbsp;&nbsp;ロングスリーブ</br><b>スリーブ-タイプ:</b>&nbsp;&nbsp;&nbsp;ドロップショルダー</br><b>長さ:</b>&nbsp;&nbsp;&nbsp;レギュラー</br><b>プラケット-タイプ:</b>&nbsp;&nbsp;&nbsp;プルオーバー</br><b>フィット-タイプ:</b>&nbsp;&nbsp;&nbsp;オーバーサイズ</br><b>ファブリック:</b>&nbsp;&nbsp;&nbsp;僅かストレッチ</br><b>材料:</b>&nbsp;&nbsp;&nbsp;ポリエステル</br><b>成分:</b>&nbsp;&nbsp;&nbsp;100% ポリエステル</br><b>お手入れ方法:</b>&nbsp;&nbsp;&nbsp;Machine wash or professional dry clean</br><b>極薄シアー:</b>&nbsp;&nbsp;&nbsp;No</br>,S(4),Chocolate Brown,https://img.ltwebstatic.com/images3_pi/2021/10/16/1634365780b7770154b8f73a611bd486a0e3de504c.jpg,https://img.ltwebstatic.com/images3_pi/2021/10/16/163436578288b65d4753f5b81e198ce42f0e72fc89.jpg,https://img.ltwebstatic.com/images3_pi/2021/10/16/16343657842b4863a749330a908b9cbd71ee016b60.jpg,https://img.ltwebstatic.com/images3_pi/2021/10/16/163436578511abe1f89f01528360b5fab1c199b9bf.jpg,https://img.ltwebstatic.com/images3_pi/2021/10/16/16343657870cc76c7e11272def351c936b6dc99c6c.jpg,https://img.ltwebstatic.com/images3_pi/2021/10/16/1634365790d4a12f8fc06c58724a0c988a294e5934.jpg,,
"https://jp.shein.com/Drop-Shoulder-Solid-Sweater-p-5578237-cat-1734.html?scici=WomenHomePage~~ON_Banner,CN_category,HZ_Knitwear,HI_hotZoneuadal3wddc8~~6_1~~real_2216~~~~",sw2110116613913551-M(6),,"¥2,614",セーター ドロップショルダー ソリッド Chocolate Brown M(6),"{'極薄シアー': 'No', 'お手入れ方法': 'Machine wash or professional dry clean', '成分': '100% ポリエステル', '材料': 'ポリエステル', 'ファブリック': '僅かストレッチ', 'フィット-タイプ': 'オーバーサイズ', 'プラケット-タイプ': 'プルオーバー', '長さ': 'レギュラー', 'スリーブ-タイプ': 'ドロップショルダー', '袖丈': 'ロングスリーブ', 'ネックライン': 'ラウンドネック', 'タイプ': 'プルオーバー', 'シーズン': '秋冬', '柄-タイプ': 'プレーン', 'スタイル': 'カジュアル', 'カラー': 'Chocolate Brown'}",サイズ&nbsp;US&nbsp;肩&nbsp;長さ&nbsp;袖丈&nbsp;バスト&nbsp;カフ&nbsp;上腕二頭筋の長さ&nbsp;</br>S&nbsp;&nbsp;&nbsp;&nbsp;&nbsp;&nbsp;4&nbsp;&nbsp;&nbsp;&nbsp;&nbsp;58&nbsp;&nbsp;&nbsp;53&nbsp;&nbsp;&nbsp;&nbsp;49&nbsp;&nbsp;&nbsp;&nbsp;114&nbsp;&nbsp;&nbsp;&nbsp;18&nbsp;&nbsp;&nbsp;&nbsp;36&nbsp;&nbsp;&nbsp;&nbsp;&nbsp;&nbsp;&nbsp;&nbsp;&nbsp;&nbsp;</br>M&nbsp;&nbsp;&nbsp;&nbsp;&nbsp;&nbsp;6&nbsp;&nbsp;&nbsp;&nbsp;&nbsp;60&nbsp;&nbsp;&nbsp;54&nbsp;&nbsp;&nbsp;&nbsp;49.5&nbsp;&nbsp;118&nbsp;&nbsp;&nbsp;&nbsp;19&nbsp;&nbsp;&nbsp;&nbsp;37.5&nbsp;&nbsp;&nbsp;&nbsp;&nbsp;&nbsp;&nbsp;&nbsp;</br>L&nbsp;&nbsp;&nbsp;&nbsp;&nbsp;&nbsp;8/10&nbsp;&nbsp;63&nbsp;&nbsp;&nbsp;55.5&nbsp;&nbsp;50.25&nbsp;124&nbsp;&nbsp;&nbsp;&nbsp;20.5&nbsp;&nbsp;39.7&nbsp;&nbsp;&nbsp;&nbsp;&nbsp;&nbsp;&nbsp;&nbsp;</br></br></br><b>カラー:</b>&nbsp;&nbsp;&nbsp;Chocolate Brown</br><b>スタイル:</b>&nbsp;&nbsp;&nbsp;カジュアル</br><b>柄-タイプ:</b>&nbsp;&nbsp;&nbsp;プレーン</br><b>シーズン:</b>&nbsp;&nbsp;&nbsp;秋冬</br><b>タイプ:</b>&nbsp;&nbsp;&nbsp;プルオーバー</br><b>ネックライン:</b>&nbsp;&nbsp;&nbsp;ラウンドネック</br><b>袖丈:</b>&nbsp;&nbsp;&nbsp;ロングスリーブ</br><b>スリーブ-タイプ:</b>&nbsp;&nbsp;&nbsp;ドロップショルダー</br><b>長さ:</b>&nbsp;&nbsp;&nbsp;レギュラー</br><b>プラケット-タイプ:</b>&nbsp;&nbsp;&nbsp;プルオーバー</br><b>フィット-タイプ:</b>&nbsp;&nbsp;&nbsp;オーバーサイズ</br><b>ファブリック:</b>&nbsp;&nbsp;&nbsp;僅かストレッチ</br><b>材料:</b>&nbsp;&nbsp;&nbsp;ポリエステル</br><b>成分:</b>&nbsp;&nbsp;&nbsp;100% ポリエステル</br><b>お手入れ方法:</b>&nbsp;&nbsp;&nbsp;Machine wash or professional dry clean</br><b>極薄シアー:</b>&nbsp;&nbsp;&nbsp;No</br>,M(6),Chocolate Brown,https://img.ltwebstatic.com/images3_pi/2021/10/16/1634365780b7770154b8f73a611bd486a0e3de504c.jpg,https://img.ltwebstatic.com/images3_pi/2021/10/16/163436578288b65d4753f5b81e198ce42f0e72fc89.jpg,https://img.ltwebstatic.com/images3_pi/2021/10/16/16343657842b4863a749330a908b9cbd71ee016b60.jpg,https://img.ltwebstatic.com/images3_pi/2021/10/16/163436578511abe1f89f01528360b5fab1c199b9bf.jpg,https://img.ltwebstatic.com/images3_pi/2021/10/16/16343657870cc76c7e11272def351c936b6dc99c6c.jpg,https://img.ltwebstatic.com/images3_pi/2021/10/16/1634365790d4a12f8fc06c58724a0c988a294e5934.jpg,,
"https://jp.shein.com/Drop-Shoulder-Solid-Sweater-p-5578237-cat-1734.html?scici=WomenHomePage~~ON_Banner,CN_category,HZ_Knitwear,HI_hotZoneuadal3wddc8~~6_1~~real_2216~~~~",sw2110116613913551-L(8/10),,"¥2,614",セーター ドロップショルダー ソリッド Chocolate Brown L(8/10),"{'極薄シアー': 'No', 'お手入れ方法': 'Machine wash or professional dry clean', '成分': '100% ポリエステル', '材料': 'ポリエステル', 'ファブリック': '僅かストレッチ', 'フィット-タイプ': 'オーバーサイズ', 'プラケット-タイプ': 'プルオーバー', '長さ': 'レギュラー', 'スリーブ-タイプ': 'ドロップショルダー', '袖丈': 'ロングスリーブ', 'ネックライン': 'ラウンドネック', 'タイプ': 'プルオーバー', 'シーズン': '秋冬', '柄-タイプ': 'プレーン', 'スタイル': 'カジュアル', 'カラー': 'Chocolate Brown'}",サイズ&nbsp;US&nbsp;肩&nbsp;長さ&nbsp;袖丈&nbsp;バスト&nbsp;カフ&nbsp;上腕二頭筋の長さ&nbsp;</br>S&nbsp;&nbsp;&nbsp;&nbsp;&nbsp;&nbsp;4&nbsp;&nbsp;&nbsp;&nbsp;&nbsp;58&nbsp;&nbsp;&nbsp;53&nbsp;&nbsp;&nbsp;&nbsp;49&nbsp;&nbsp;&nbsp;&nbsp;114&nbsp;&nbsp;&nbsp;&nbsp;18&nbsp;&nbsp;&nbsp;&nbsp;36&nbsp;&nbsp;&nbsp;&nbsp;&nbsp;&nbsp;&nbsp;&nbsp;&nbsp;&nbsp;</br>M&nbsp;&nbsp;&nbsp;&nbsp;&nbsp;&nbsp;6&nbsp;&nbsp;&nbsp;&nbsp;&nbsp;60&nbsp;&nbsp;&nbsp;54&nbsp;&nbsp;&nbsp;&nbsp;49.5&nbsp;&nbsp;118&nbsp;&nbsp;&nbsp;&nbsp;19&nbsp;&nbsp;&nbsp;&nbsp;37.5&nbsp;&nbsp;&nbsp;&nbsp;&nbsp;&nbsp;&nbsp;&nbsp;</br>L&nbsp;&nbsp;&nbsp;&nbsp;&nbsp;&nbsp;8/10&nbsp;&nbsp;63&nbsp;&nbsp;&nbsp;55.5&nbsp;&nbsp;50.25&nbsp;124&nbsp;&nbsp;&nbsp;&nbsp;20.5&nbsp;&nbsp;39.7&nbsp;&nbsp;&nbsp;&nbsp;&nbsp;&nbsp;&nbsp;&nbsp;</br></br></br><b>カラー:</b>&nbsp;&nbsp;&nbsp;Chocolate Brown</br><b>スタイル:</b>&nbsp;&nbsp;&nbsp;カジュアル</br><b>柄-タイプ:</b>&nbsp;&nbsp;&nbsp;プレーン</br><b>シーズン:</b>&nbsp;&nbsp;&nbsp;秋冬</br><b>タイプ:</b>&nbsp;&nbsp;&nbsp;プルオーバー</br><b>ネックライン:</b>&nbsp;&nbsp;&nbsp;ラウンドネック</br><b>袖丈:</b>&nbsp;&nbsp;&nbsp;ロングスリーブ</br><b>スリーブ-タイプ:</b>&nbsp;&nbsp;&nbsp;ドロップショルダー</br><b>長さ:</b>&nbsp;&nbsp;&nbsp;レギュラー</br><b>プラケット-タイプ:</b>&nbsp;&nbsp;&nbsp;プルオーバー</br><b>フィット-タイプ:</b>&nbsp;&nbsp;&nbsp;オーバーサイズ</br><b>ファブリック:</b>&nbsp;&nbsp;&nbsp;僅かストレッチ</br><b>材料:</b>&nbsp;&nbsp;&nbsp;ポリエステル</br><b>成分:</b>&nbsp;&nbsp;&nbsp;100% ポリエステル</br><b>お手入れ方法:</b>&nbsp;&nbsp;&nbsp;Machine wash or professional dry clean</br><b>極薄シアー:</b>&nbsp;&nbsp;&nbsp;No</br>,L(8/10),Chocolate Brown,https://img.ltwebstatic.com/images3_pi/2021/10/16/1634365780b7770154b8f73a611bd486a0e3de504c.jpg,https://img.ltwebstatic.com/images3_pi/2021/10/16/163436578288b65d4753f5b81e198ce42f0e72fc89.jpg,https://img.ltwebstatic.com/images3_pi/2021/10/16/16343657842b4863a749330a908b9cbd71ee016b60.jpg,https://img.ltwebstatic.com/images3_pi/2021/10/16/163436578511abe1f89f01528360b5fab1c199b9bf.jpg,https://img.ltwebstatic.com/images3_pi/2021/10/16/16343657870cc76c7e11272def351c936b6dc99c6c.jpg,https://img.ltwebstatic.com/images3_pi/2021/10/16/1634365790d4a12f8fc06c58724a0c988a294e5934.jpg,,
"https://jp.shein.com/Drop-Shoulder-Solid-Sweater-p-5578237-cat-1734.html?scici=WomenHomePage~~ON_Banner,CN_category,HZ_Knitwear,HI_hotZoneuadal3wddc8~~6_1~~real_2216~~~~",sw2110116602652662-S(4),,"¥2,374",セーター ドロップショルダー ソリッド Mocha Brown S(4),"{'極薄シアー': 'No', 'お手入れ方法': 'Machine wash or professional dry clean', '成分': '100% ポリエステル', '材料': 'ポリエステル', 'ファブリック': '僅かストレッチ', 'フィット-タイプ': 'オーバーサイズ', 'プラケット-タイプ': 'プルオーバー', '長さ': 'レギュラー', 'スリーブ-タイプ': 'ドロップショルダー', '袖丈': 'ロングスリーブ', 'ネックライン': 'ラウンドネック', 'タイプ': 'プルオーバー', 'シーズン': '秋冬', '柄-タイプ': 'プレーン', 'スタイル': 'カジュアル', 'カラー': 'Mocha Brown'}",サイズ&nbsp;US&nbsp;肩&nbsp;長さ&nbsp;袖丈&nbsp;バスト&nbsp;カフ&nbsp;上腕二頭筋の長さ&nbsp;</br>S&nbsp;&nbsp;&nbsp;&nbsp;&nbsp;&nbsp;4&nbsp;&nbsp;&nbsp;&nbsp;&nbsp;58&nbsp;&nbsp;&nbsp;53&nbsp;&nbsp;&nbsp;&nbsp;49&nbsp;&nbsp;&nbsp;&nbsp;114&nbsp;&nbsp;&nbsp;&nbsp;18&nbsp;&nbsp;&nbsp;&nbsp;36&nbsp;&nbsp;&nbsp;&nbsp;&nbsp;&nbsp;&nbsp;&nbsp;&nbsp;&nbsp;</br>M&nbsp;&nbsp;&nbsp;&nbsp;&nbsp;&nbsp;6&nbsp;&nbsp;&nbsp;&nbsp;&nbsp;60&nbsp;&nbsp;&nbsp;54&nbsp;&nbsp;&nbsp;&nbsp;49.5&nbsp;&nbsp;118&nbsp;&nbsp;&nbsp;&nbsp;19&nbsp;&nbsp;&nbsp;&nbsp;37.5&nbsp;&nbsp;&nbsp;&nbsp;&nbsp;&nbsp;&nbsp;&nbsp;</br>L&nbsp;&nbsp;&nbsp;&nbsp;&nbsp;&nbsp;8/10&nbsp;&nbsp;63&nbsp;&nbsp;&nbsp;55.5&nbsp;&nbsp;50.25&nbsp;124&nbsp;&nbsp;&nbsp;&nbsp;20.5&nbsp;&nbsp;39.7&nbsp;&nbsp;&nbsp;&nbsp;&nbsp;&nbsp;&nbsp;&nbsp;</br></br></br><b>カラー:</b>&nbsp;&nbsp;&nbsp;Mocha Brown</br><b>スタイル:</b>&nbsp;&nbsp;&nbsp;カジュアル</br><b>柄-タイプ:</b>&nbsp;&nbsp;&nbsp;プレーン</br><b>シーズン:</b>&nbsp;&nbsp;&nbsp;秋冬</br><b>タイプ:</b>&nbsp;&nbsp;&nbsp;プルオーバー</br><b>ネックライン:</b>&nbsp;&nbsp;&nbsp;ラウンドネック</br><b>袖丈:</b>&nbsp;&nbsp;&nbsp;ロングスリーブ</br><b>スリーブ-タイプ:</b>&nbsp;&nbsp;&nbsp;ドロップショルダー</br><b>長さ:</b>&nbsp;&nbsp;&nbsp;レギュラー</br><b>プラケット-タイプ:</b>&nbsp;&nbsp;&nbsp;プルオーバー</br><b>フィット-タイプ:</b>&nbsp;&nbsp;&nbsp;オーバーサイズ</br><b>ファブリック:</b>&nbsp;&nbsp;&nbsp;僅かストレッチ</br><b>材料:</b>&nbsp;&nbsp;&nbsp;ポリエステル</br><b>成分:</b>&nbsp;&nbsp;&nbsp;100% ポリエステル</br><b>お手入れ方法:</b>&nbsp;&nbsp;&nbsp;Machine wash or professional dry clean</br><b>極薄シアー:</b>&nbsp;&nbsp;&nbsp;No</br>,S(4),Mocha Brown,https://img.ltwebstatic.com/images3_pi/2021/11/06/16361880142fe03d6d6efdf8ae6ae9c959f19e45bd.jpg,https://img.ltwebstatic.com/images3_pi/2021/11/06/16361880165ba25431f688ce6549a8f1b0463fd9bb.jpg,https://img.ltwebstatic.com/images3_pi/2021/11/06/1636188019e988cf626fdffea24283d6e7d0c418cb.jpg,https://img.ltwebstatic.com/images3_pi/2021/11/06/1636188021378ba602b2836bd97791999a51777021.jpg,https://img.ltwebstatic.com/images3_pi/2021/11/06/16361880234ee2b42376ba1cb4f04cdb4e43cfceb4.jpg,https://img.ltwebstatic.com/images3_pi/2021/11/06/16361880291eb00f46029a561958e0e3dc9af727dc.jpg,,
"https://jp.shein.com/Drop-Shoulder-Solid-Sweater-p-5578237-cat-1734.html?scici=WomenHomePage~~ON_Banner,CN_category,HZ_Knitwear,HI_hotZoneuadal3wddc8~~6_1~~real_2216~~~~",sw2110116602652662-M(6),,"¥2,374",セーター ドロップショルダー ソリッド Mocha Brown M(6),"{'極薄シアー': 'No', 'お手入れ方法': 'Machine wash or professional dry clean', '成分': '100% ポリエステル', '材料': 'ポリエステル', 'ファブリック': '僅かストレッチ', 'フィット-タイプ': 'オーバーサイズ', 'プラケット-タイプ': 'プルオーバー', '長さ': 'レギュラー', 'スリーブ-タイプ': 'ドロップショルダー', '袖丈': 'ロングスリーブ', 'ネックライン': 'ラウンドネック', 'タイプ': 'プルオーバー', 'シーズン': '秋冬', '柄-タイプ': 'プレーン', 'スタイル': 'カジュアル', 'カラー': 'Mocha Brown'}",サイズ&nbsp;US&nbsp;肩&nbsp;長さ&nbsp;袖丈&nbsp;バスト&nbsp;カフ&nbsp;上腕二頭筋の長さ&nbsp;</br>S&nbsp;&nbsp;&nbsp;&nbsp;&nbsp;&nbsp;4&nbsp;&nbsp;&nbsp;&nbsp;&nbsp;58&nbsp;&nbsp;&nbsp;53&nbsp;&nbsp;&nbsp;&nbsp;49&nbsp;&nbsp;&nbsp;&nbsp;114&nbsp;&nbsp;&nbsp;&nbsp;18&nbsp;&nbsp;&nbsp;&nbsp;36&nbsp;&nbsp;&nbsp;&nbsp;&nbsp;&nbsp;&nbsp;&nbsp;&nbsp;&nbsp;</br>M&nbsp;&nbsp;&nbsp;&nbsp;&nbsp;&nbsp;6&nbsp;&nbsp;&nbsp;&nbsp;&nbsp;60&nbsp;&nbsp;&nbsp;54&nbsp;&nbsp;&nbsp;&nbsp;49.5&nbsp;&nbsp;118&nbsp;&nbsp;&nbsp;&nbsp;19&nbsp;&nbsp;&nbsp;&nbsp;37.5&nbsp;&nbsp;&nbsp;&nbsp;&nbsp;&nbsp;&nbsp;&nbsp;</br>L&nbsp;&nbsp;&nbsp;&nbsp;&nbsp;&nbsp;8/10&nbsp;&nbsp;63&nbsp;&nbsp;&nbsp;55.5&nbsp;&nbsp;50.25&nbsp;124&nbsp;&nbsp;&nbsp;&nbsp;20.5&nbsp;&nbsp;39.7&nbsp;&nbsp;&nbsp;&nbsp;&nbsp;&nbsp;&nbsp;&nbsp;</br></br></br><b>カラー:</b>&nbsp;&nbsp;&nbsp;Mocha Brown</br><b>スタイル:</b>&nbsp;&nbsp;&nbsp;カジュアル</br><b>柄-タイプ:</b>&nbsp;&nbsp;&nbsp;プレーン</br><b>シーズン:</b>&nbsp;&nbsp;&nbsp;秋冬</br><b>タイプ:</b>&nbsp;&nbsp;&nbsp;プルオーバー</br><b>ネックライン:</b>&nbsp;&nbsp;&nbsp;ラウンドネック</br><b>袖丈:</b>&nbsp;&nbsp;&nbsp;ロングスリーブ</br><b>スリーブ-タイプ:</b>&nbsp;&nbsp;&nbsp;ドロップショルダー</br><b>長さ:</b>&nbsp;&nbsp;&nbsp;レギュラー</br><b>プラケット-タイプ:</b>&nbsp;&nbsp;&nbsp;プルオーバー</br><b>フィット-タイプ:</b>&nbsp;&nbsp;&nbsp;オーバーサイズ</br><b>ファブリック:</b>&nbsp;&nbsp;&nbsp;僅かストレッチ</br><b>材料:</b>&nbsp;&nbsp;&nbsp;ポリエステル</br><b>成分:</b>&nbsp;&nbsp;&nbsp;100% ポリエステル</br><b>お手入れ方法:</b>&nbsp;&nbsp;&nbsp;Machine wash or professional dry clean</br><b>極薄シアー:</b>&nbsp;&nbsp;&nbsp;No</br>,M(6),Mocha Brown,https://img.ltwebstatic.com/images3_pi/2021/11/06/16361880142fe03d6d6efdf8ae6ae9c959f19e45bd.jpg,https://img.ltwebstatic.com/images3_pi/2021/11/06/16361880165ba25431f688ce6549a8f1b0463fd9bb.jpg,https://img.ltwebstatic.com/images3_pi/2021/11/06/1636188019e988cf626fdffea24283d6e7d0c418cb.jpg,https://img.ltwebstatic.com/images3_pi/2021/11/06/1636188021378ba602b2836bd97791999a51777021.jpg,https://img.ltwebstatic.com/images3_pi/2021/11/06/16361880234ee2b42376ba1cb4f04cdb4e43cfceb4.jpg,https://img.ltwebstatic.com/images3_pi/2021/11/06/16361880291eb00f46029a561958e0e3dc9af727dc.jpg,,
"https://jp.shein.com/Drop-Shoulder-Solid-Sweater-p-5578237-cat-1734.html?scici=WomenHomePage~~ON_Banner,CN_category,HZ_Knitwear,HI_hotZoneuadal3wddc8~~6_1~~real_2216~~~~",sw2110116602652662-L(8/10),,"¥2,374",セーター ドロップショルダー ソリッド Mocha Brown L(8/10),"{'極薄シアー': 'No', 'お手入れ方法': 'Machine wash or professional dry clean', '成分': '100% ポリエステル', '材料': 'ポリエステル', 'ファブリック': '僅かストレッチ', 'フィット-タイプ': 'オーバーサイズ', 'プラケット-タイプ': 'プルオーバー', '長さ': 'レギュラー', 'スリーブ-タイプ': 'ドロップショルダー', '袖丈': 'ロングスリーブ', 'ネックライン': 'ラウンドネック', 'タイプ': 'プルオーバー', 'シーズン': '秋冬', '柄-タイプ': 'プレーン', 'スタイル': 'カジュアル', 'カラー': 'Mocha Brown'}",サイズ&nbsp;US&nbsp;肩&nbsp;長さ&nbsp;袖丈&nbsp;バスト&nbsp;カフ&nbsp;上腕二頭筋の長さ&nbsp;</br>S&nbsp;&nbsp;&nbsp;&nbsp;&nbsp;&nbsp;4&nbsp;&nbsp;&nbsp;&nbsp;&nbsp;58&nbsp;&nbsp;&nbsp;53&nbsp;&nbsp;&nbsp;&nbsp;49&nbsp;&nbsp;&nbsp;&nbsp;114&nbsp;&nbsp;&nbsp;&nbsp;18&nbsp;&nbsp;&nbsp;&nbsp;36&nbsp;&nbsp;&nbsp;&nbsp;&nbsp;&nbsp;&nbsp;&nbsp;&nbsp;&nbsp;</br>M&nbsp;&nbsp;&nbsp;&nbsp;&nbsp;&nbsp;6&nbsp;&nbsp;&nbsp;&nbsp;&nbsp;60&nbsp;&nbsp;&nbsp;54&nbsp;&nbsp;&nbsp;&nbsp;49.5&nbsp;&nbsp;118&nbsp;&nbsp;&nbsp;&nbsp;19&nbsp;&nbsp;&nbsp;&nbsp;37.5&nbsp;&nbsp;&nbsp;&nbsp;&nbsp;&nbsp;&nbsp;&nbsp;</br>L&nbsp;&nbsp;&nbsp;&nbsp;&nbsp;&nbsp;8/10&nbsp;&nbsp;63&nbsp;&nbsp;&nbsp;55.5&nbsp;&nbsp;50.25&nbsp;124&nbsp;&nbsp;&nbsp;&nbsp;20.5&nbsp;&nbsp;39.7&nbsp;&nbsp;&nbsp;&nbsp;&nbsp;&nbsp;&nbsp;&nbsp;</br></br></br><b>カラー:</b>&nbsp;&nbsp;&nbsp;Mocha Brown</br><b>スタイル:</b>&nbsp;&nbsp;&nbsp;カジュアル</br><b>柄-タイプ:</b>&nbsp;&nbsp;&nbsp;プレーン</br><b>シーズン:</b>&nbsp;&nbsp;&nbsp;秋冬</br><b>タイプ:</b>&nbsp;&nbsp;&nbsp;プルオーバー</br><b>ネックライン:</b>&nbsp;&nbsp;&nbsp;ラウンドネック</br><b>袖丈:</b>&nbsp;&nbsp;&nbsp;ロングスリーブ</br><b>スリーブ-タイプ:</b>&nbsp;&nbsp;&nbsp;ドロップショルダー</br><b>長さ:</b>&nbsp;&nbsp;&nbsp;レギュラー</br><b>プラケット-タイプ:</b>&nbsp;&nbsp;&nbsp;プルオーバー</br><b>フィット-タイプ:</b>&nbsp;&nbsp;&nbsp;オーバーサイズ</br><b>ファブリック:</b>&nbsp;&nbsp;&nbsp;僅かストレッチ</br><b>材料:</b>&nbsp;&nbsp;&nbsp;ポリエステル</br><b>成分:</b>&nbsp;&nbsp;&nbsp;100% ポリエステル</br><b>お手入れ方法:</b>&nbsp;&nbsp;&nbsp;Machine wash or professional dry clean</br><b>極薄シアー:</b>&nbsp;&nbsp;&nbsp;No</br>,L(8/10),Mocha Brown,https://img.ltwebstatic.com/images3_pi/2021/11/06/16361880142fe03d6d6efdf8ae6ae9c959f19e45bd.jpg,https://img.ltwebstatic.com/images3_pi/2021/11/06/16361880165ba25431f688ce6549a8f1b0463fd9bb.jpg,https://img.ltwebstatic.com/images3_pi/2021/11/06/1636188019e988cf626fdffea24283d6e7d0c418cb.jpg,https://img.ltwebstatic.com/images3_pi/2021/11/06/1636188021378ba602b2836bd97791999a51777021.jpg,https://img.ltwebstatic.com/images3_pi/2021/11/06/16361880234ee2b42376ba1cb4f04cdb4e43cfceb4.jpg,https://img.ltwebstatic.com/images3_pi/2021/11/06/16361880291eb00f46029a561958e0e3dc9af727dc.jpg,,
